Model,Metric,Comparison,Mean,Lower,Upper
ElasticNet regression,AUPRC value,S1 - S1,0.0,0.0,0.0
ElasticNet regression,AUPRC value,S1 - S2,-0.004502081731594375,-0.14718701853868713,0.12267992740383032
ElasticNet regression,AUPRC value,S1 - S3,-0.0452251891106732,-0.24667882075950806,0.10717635567220883
ElasticNet regression,AUPRC value,S1 - S4,-0.0438914361248556,-0.23827557619404738,0.12079592268256623
ElasticNet regression,AUPRC value,S1 - S5,-0.06046248020204068,-0.24352090287096298,0.1350599151256576
ElasticNet regression,AUPRC value,S2 - S1,0.004502081731594375,-0.12267992740383038,0.14718701853868696
ElasticNet regression,AUPRC value,S2 - S2,0.0,0.0,0.0
ElasticNet regression,AUPRC value,S2 - S3,-0.04072310737907883,-0.24285314550612466,0.12209075457862936
ElasticNet regression,AUPRC value,S2 - S4,-0.03938935439326122,-0.2565074921096346,0.14422460708180915
ElasticNet regression,AUPRC value,S2 - S5,-0.05596039847044632,-0.29693771233523514,0.14683239761471628
ElasticNet regression,AUPRC value,S3 - S1,0.0452251891106732,-0.10717635567220885,0.2466788207595073
ElasticNet regression,AUPRC value,S3 - S2,0.04072310737907883,-0.12209075457862956,0.2428531455061243
ElasticNet regression,AUPRC value,S3 - S3,0.0,0.0,0.0
ElasticNet regression,AUPRC value,S3 - S4,0.0013337529858176024,-0.11752393330956207,0.14305986075537044
ElasticNet regression,AUPRC value,S3 - S5,-0.01523729109136749,-0.13695413582570343,0.12517165361046542
ElasticNet regression,AUPRC value,S4 - S1,0.0438914361248556,-0.1207959226825665,0.23827557619404713
ElasticNet regression,AUPRC value,S4 - S2,0.03938935439326122,-0.14422460708180965,0.2565074921096343
ElasticNet regression,AUPRC value,S4 - S3,-0.0013337529858176024,-0.1430598607553705,0.11752393330956197
ElasticNet regression,AUPRC value,S4 - S4,0.0,0.0,0.0
ElasticNet regression,AUPRC value,S4 - S5,-0.01657104407718509,-0.12986643923024196,0.03509644589467175
ElasticNet regression,AUPRC value,S5 - S1,0.06046248020204068,-0.1350599151256577,0.24352090287096273
ElasticNet regression,AUPRC value,S5 - S2,0.05596039847044632,-0.1468323976147166,0.296937712335235
ElasticNet regression,AUPRC value,S5 - S3,0.01523729109136749,-0.12517165361046556,0.1369541358257034
ElasticNet regression,AUPRC value,S5 - S4,0.01657104407718509,-0.03509644589467184,0.12986643923024185
ElasticNet regression,AUPRC value,S5 - S5,0.0,0.0,0.0
ElasticNet regression,AUROC value,S1 - S1,0.0,0.0,0.0
ElasticNet regression,AUROC value,S1 - S2,0.0012040498442367675,-0.006654984423676055,0.013302180685358265
ElasticNet regression,AUROC value,S1 - S3,-0.007540498442367579,-0.041682242990654095,0.03995716510903425
ElasticNet regression,AUROC value,S1 - S4,-0.009437694704049827,-0.051242211838006174,0.07346962616822428
ElasticNet regression,AUROC value,S1 - S5,-0.011297507788161956,-0.0612305295950156,0.07650311526479742
ElasticNet regression,AUROC value,S2 - S1,-0.0012040498442367675,-0.013302180685358286,0.006654984423676043
ElasticNet regression,AUROC value,S2 - S2,0.0,0.0,0.0
ElasticNet regression,AUROC value,S2 - S3,-0.008744548286604347,-0.04618380062305292,0.03372274143302174
ElasticNet regression,AUROC value,S2 - S4,-0.010641744548286597,-0.055973520249221094,0.06927570093457935
ElasticNet regression,AUROC value,S2 - S5,-0.01250155763239873,-0.06153426791277245,0.07059190031152644
ElasticNet regression,AUROC value,S3 - S1,0.007540498442367579,-0.03995716510903425,0.04168224299065406
ElasticNet regression,AUROC value,S3 - S2,0.008744548286604347,-0.033722741433021765,0.04618380062305289
ElasticNet regression,AUROC value,S3 - S3,0.0,0.0,0.0
ElasticNet regression,AUROC value,S3 - S4,-0.001897196261682248,-0.032803738317757125,0.0329828660436136
ElasticNet regression,AUROC value,S3 - S5,-0.0037570093457943788,-0.044556074766355175,0.040070093457943906
ElasticNet regression,AUROC value,S4 - S1,0.009437694704049827,-0.07346962616822439,0.05124221183800615
ElasticNet regression,AUROC value,S4 - S2,0.010641744548286597,-0.06927570093457945,0.05597352024922108
ElasticNet regression,AUROC value,S4 - S3,0.001897196261682248,-0.03298286604361364,0.03280373831775709
ElasticNet regression,AUROC value,S4 - S4,0.0,0.0,0.0
ElasticNet regression,AUROC value,S4 - S5,-0.0018598130841121308,-0.012788161993769438,0.00888629283489096
ElasticNet regression,AUROC value,S5 - S1,0.011297507788161956,-0.07650311526479753,0.06123052959501559
ElasticNet regression,AUROC value,S5 - S2,0.01250155763239873,-0.07059190031152651,0.06153426791277245
ElasticNet regression,AUROC value,S5 - S3,0.0037570093457943788,-0.04007009345794392,0.04455607476635512
ElasticNet regression,AUROC value,S5 - S4,0.0018598130841121308,-0.008886292834890962,0.012788161993769432
ElasticNet regression,AUROC value,S5 - S5,0.0,0.0,0.0
ElasticNet regression,Accuracy,S1 - S1,0.0,0.0,0.0
ElasticNet regression,Accuracy,S1 - S2,4.440892098500626e-18,-0.025906344410876136,0.01669184290030206
ElasticNet regression,Accuracy,S1 - S3,-0.005679758308157101,-0.048338368580060354,0.027190332326283984
ElasticNet regression,Accuracy,S1 - S4,-0.008368580060422962,-0.04690332326283987,0.028776435045317177
ElasticNet regression,Accuracy,S1 - S5,-0.009969788519637462,-0.05151057401812685,0.028776435045317236
ElasticNet regression,Accuracy,S2 - S1,-4.440892098500626e-18,-0.016691842900302088,0.02590634441087606
ElasticNet regression,Accuracy,S2 - S2,0.0,0.0,0.0
ElasticNet regression,Accuracy,S2 - S3,-0.005679758308157106,-0.04229607250755285,0.022734138972809615
ElasticNet regression,Accuracy,S2 - S4,-0.008368580060422966,-0.04229607250755285,0.022734138972809615
ElasticNet regression,Accuracy,S2 - S5,-0.009969788519637467,-0.04388217522658607,0.02416918429003018
ElasticNet regression,Accuracy,S3 - S1,0.005679758308157101,-0.027190332326283984,0.048338368580060354
ElasticNet regression,Accuracy,S3 - S2,0.005679758308157106,-0.022734138972809643,0.04229607250755285
ElasticNet regression,Accuracy,S3 - S3,0.0,0.0,0.0
ElasticNet regression,Accuracy,S3 - S4,-0.002688821752265861,-0.02114803625377643,0.015105740181268867
ElasticNet regression,Accuracy,S3 - S5,-0.004290030211480361,-0.024169184290030232,0.01669184290030206
ElasticNet regression,Accuracy,S4 - S1,0.008368580060422962,-0.028776435045317204,0.04690332326283985
ElasticNet regression,Accuracy,S4 - S2,0.008368580060422966,-0.022734138972809643,0.04229607250755285
ElasticNet regression,Accuracy,S4 - S3,0.002688821752265861,-0.015105740181268867,0.02114803625377643
ElasticNet regression,Accuracy,S4 - S4,0.0,0.0,0.0
ElasticNet regression,Accuracy,S4 - S5,-0.0016012084592145004,-0.012084592145015116,0.010649546827794558
ElasticNet regression,Accuracy,S5 - S1,0.009969788519637462,-0.02877643504531726,0.0515105740181268
ElasticNet regression,Accuracy,S5 - S2,0.009969788519637467,-0.02416918429003018,0.043882175226586044
ElasticNet regression,Accuracy,S5 - S3,0.004290030211480361,-0.016691842900302088,0.024169184290030232
ElasticNet regression,Accuracy,S5 - S4,0.0016012084592145004,-0.010649546827794584,0.012084592145015116
ElasticNet regression,Accuracy,S5 - S5,0.0,0.0,0.0
ElasticNet regression,NPV,S1 - S1,0.0,0.0,0.0
ElasticNet regression,NPV,S1 - S2,0.00017229737573585703,-0.0003366137545847941,0.0034711740325054723
ElasticNet regression,NPV,S1 - S3,0.00032834313757573177,-0.003915389082398535,0.006727743670246571
ElasticNet regression,NPV,S1 - S4,0.00020509326408939987,-0.006850568241793023,0.006699410532352695
ElasticNet regression,NPV,S1 - S5,5.402265793296279e-05,-0.006885294466168973,0.006588027805160309
ElasticNet regression,NPV,S2 - S1,-0.00017229737573585703,-0.0034711740325054723,0.00033661375458479285
ElasticNet regression,NPV,S2 - S2,0.0,0.0,0.0
ElasticNet regression,NPV,S2 - S3,0.00015604576183987474,-0.005658951334210526,0.006648189208238218
ElasticNet regression,NPV,S2 - S4,3.2795888353542854e-05,-0.007017407710919651,0.006804261686834179
ElasticNet regression,NPV,S2 - S5,-0.00011827471780289423,-0.007042727218997802,0.006714170169042098
ElasticNet regression,NPV,S3 - S1,-0.00032834313757573177,-0.006727743670246572,0.003915389082398531
ElasticNet regression,NPV,S3 - S2,-0.00015604576183987474,-0.00664818920823822,0.005658951334210505
ElasticNet regression,NPV,S3 - S3,0.0,0.0,0.0
ElasticNet regression,NPV,S3 - S4,-0.00012324987348633187,-0.0070012666175753024,0.006739651198588781
ElasticNet regression,NPV,S3 - S5,-0.00027432047964276896,-0.007042253521126751,0.006925282215917648
ElasticNet regression,NPV,S4 - S1,-0.00020509326408939987,-0.006699410532352695,0.006850568241793023
ElasticNet regression,NPV,S4 - S2,-3.2795888353542854e-05,-0.006804261686834179,0.007017407710919651
ElasticNet regression,NPV,S4 - S3,0.00012324987348633187,-0.006739651198588784,0.007001266617575302
ElasticNet regression,NPV,S4 - S4,0.0,0.0,0.0
ElasticNet regression,NPV,S4 - S5,-0.00015107060615643708,-0.0035210166177907813,0.0035475352112675964
ElasticNet regression,NPV,S5 - S1,-5.402265793296279e-05,-0.00658802780516031,0.0068852944661689725
ElasticNet regression,NPV,S5 - S2,0.00011827471780289423,-0.0067141701690421,0.007042727218997801
ElasticNet regression,NPV,S5 - S3,0.00027432047964276896,-0.00692528221591765,0.007042253521126751
ElasticNet regression,NPV,S5 - S4,0.00015107060615643708,-0.003547535211267597,0.0035210166177907813
ElasticNet regression,NPV,S5 - S5,0.0,0.0,0.0
ElasticNet regression,Precision,S1 - S1,0.0,0.0,0.0
ElasticNet regression,Precision,S1 - S2,0.00220080493270507,-0.0254486985472155,0.026991279069767393
ElasticNet regression,Precision,S1 - S3,-0.0038759556169852463,-0.06689674765146464,0.0544207262397509
ElasticNet regression,Precision,S1 - S4,-0.007546092892692749,-0.06840212264150942,0.05798045790934314
ElasticNet regression,Precision,S1 - S5,-0.010720640509647893,-0.06849104143337065,0.050890627064886944
ElasticNet regression,Precision,S2 - S1,-0.00220080493270507,-0.026991279069767428,0.025448698547215477
ElasticNet regression,Precision,S2 - S2,0.0,0.0,0.0
ElasticNet regression,Precision,S2 - S3,-0.006076760549690315,-0.06689674765146464,0.03598679695119739
ElasticNet regression,Precision,S2 - S4,-0.00974689782539782,-0.06394423558897244,0.0413255813953488
ElasticNet regression,Precision,S2 - S5,-0.012921445442352963,-0.06801509575198053,0.04205709102047547
ElasticNet regression,Precision,S3 - S1,0.0038759556169852463,-0.05442072623975095,0.06689674765146453
ElasticNet regression,Precision,S3 - S2,0.006076760549690315,-0.0359867969511975,0.06689674765146453
ElasticNet regression,Precision,S3 - S3,0.0,0.0,0.0
ElasticNet regression,Precision,S3 - S4,-0.003670137275707503,-0.04337453066332917,0.02723325062034736
ElasticNet regression,Precision,S3 - S5,-0.0068446848926626445,-0.04785259809119831,0.02992858232288566
ElasticNet regression,Precision,S4 - S1,0.007546092892692749,-0.0579804579093432,0.0684021226415094
ElasticNet regression,Precision,S4 - S2,0.00974689782539782,-0.04132558139534882,0.0639442355889724
ElasticNet regression,Precision,S4 - S3,0.003670137275707503,-0.027233250620347385,0.04337453066332916
ElasticNet regression,Precision,S4 - S4,0.0,0.0,0.0
ElasticNet regression,Precision,S4 - S5,-0.0031745476169551434,-0.030927471116816416,0.01736214209968185
ElasticNet regression,Precision,S5 - S1,0.010720640509647893,-0.05089062706488701,0.06849104143337062
ElasticNet regression,Precision,S5 - S2,0.012921445442352963,-0.04205709102047548,0.06801509575198053
ElasticNet regression,Precision,S5 - S3,0.0068446848926626445,-0.029928582322885682,0.04785259809119828
ElasticNet regression,Precision,S5 - S4,0.0031745476169551434,-0.01736214209968185,0.03092747111681631
ElasticNet regression,Precision,S5 - S5,0.0,0.0,0.0
ElasticNet regression,Sensitivity,S1 - S1,0.0,0.0,0.0
ElasticNet regression,Sensitivity,S1 - S2,0.005000000000000001,0.0,0.09999999999999998
ElasticNet regression,Sensitivity,S1 - S3,0.009999999999999997,-0.10000000000000009,0.20000000000000007
ElasticNet regression,Sensitivity,S1 - S4,0.0069999999999999975,-0.20000000000000007,0.20000000000000007
ElasticNet regression,Sensitivity,S1 - S5,0.002999999999999996,-0.20000000000000007,0.19999999999999996
ElasticNet regression,Sensitivity,S2 - S1,-0.005000000000000001,-0.09999999999999998,-0.0
ElasticNet regression,Sensitivity,S2 - S2,0.0,0.0,0.0
ElasticNet regression,Sensitivity,S2 - S3,0.0049999999999999975,-0.15250000000000008,0.20000000000000007
ElasticNet regression,Sensitivity,S2 - S4,0.001999999999999996,-0.20000000000000007,0.2
ElasticNet regression,Sensitivity,S2 - S5,-0.0020000000000000052,-0.20000000000000007,0.19999999999999996
ElasticNet regression,Sensitivity,S3 - S1,-0.009999999999999997,-0.20000000000000007,0.10000000000000009
ElasticNet regression,Sensitivity,S3 - S2,-0.0049999999999999975,-0.20000000000000007,0.15249999999999922
ElasticNet regression,Sensitivity,S3 - S3,0.0,0.0,0.0
ElasticNet regression,Sensitivity,S3 - S4,-0.0030000000000000014,-0.2,0.2
ElasticNet regression,Sensitivity,S3 - S5,-0.007000000000000003,-0.2,0.2
ElasticNet regression,Sensitivity,S4 - S1,-0.0069999999999999975,-0.20000000000000007,0.20000000000000007
ElasticNet regression,Sensitivity,S4 - S2,-0.001999999999999996,-0.2,0.20000000000000007
ElasticNet regression,Sensitivity,S4 - S3,0.0030000000000000014,-0.2,0.2
ElasticNet regression,Sensitivity,S4 - S4,0.0,0.0,0.0
ElasticNet regression,Sensitivity,S4 - S5,-0.004000000000000001,-0.10000000000000003,0.09999999999999998
ElasticNet regression,Sensitivity,S5 - S1,-0.002999999999999996,-0.19999999999999996,0.20000000000000007
ElasticNet regression,Sensitivity,S5 - S2,0.0020000000000000052,-0.19999999999999996,0.20000000000000007
ElasticNet regression,Sensitivity,S5 - S3,0.007000000000000003,-0.2,0.2
ElasticNet regression,Sensitivity,S5 - S4,0.004000000000000001,-0.09999999999999998,0.10000000000000003
ElasticNet regression,Sensitivity,S5 - S5,0.0,0.0,0.0
ElasticNet regression,Specificity,S1 - S1,0.0,0.0,0.0
ElasticNet regression,Specificity,S1 - S2,-0.00015576323987538941,-0.026713395638629286,0.017211838006230506
ElasticNet regression,Specificity,S1 - S3,-0.006168224299065422,-0.049844236760124616,0.028037383177570097
ElasticNet regression,Specificity,S1 - S4,-0.00884735202492212,-0.049844236760124616,0.031152647975077885
ElasticNet regression,Specificity,S1 - S5,-0.010373831775700938,-0.05459501557632399,0.02967289719626166
ElasticNet regression,Specificity,S2 - S1,0.00015576323987538941,-0.01721183800623053,0.026713395638629206
ElasticNet regression,Specificity,S2 - S2,0.0,0.0,0.0
ElasticNet regression,Specificity,S2 - S3,-0.0060124610591900315,-0.04361370716510904,0.02180685358255452
ElasticNet regression,Specificity,S2 - S4,-0.008691588785046729,-0.04213395638629284,0.023442367601246083
ElasticNet regression,Specificity,S2 - S5,-0.010218068535825546,-0.046884735202492214,0.024922118380062308
ElasticNet regression,Specificity,S3 - S1,0.006168224299065422,-0.028037383177570097,0.049844236760124616
ElasticNet regression,Specificity,S3 - S2,0.0060124610591900315,-0.02180685358255452,0.04361370716510904
ElasticNet regression,Specificity,S3 - S3,0.0,0.0,0.0
ElasticNet regression,Specificity,S3 - S4,-0.002679127725856698,-0.02180685358255452,0.015576323987538943
ElasticNet regression,Specificity,S3 - S5,-0.004205607476635514,-0.026557632398753896,0.017211838006230506
ElasticNet regression,Specificity,S4 - S1,0.00884735202492212,-0.031152647975077885,0.049844236760124616
ElasticNet regression,Specificity,S4 - S2,0.008691588785046729,-0.023442367601246107,0.04213395638629281
ElasticNet regression,Specificity,S4 - S3,0.002679127725856698,-0.015576323987538943,0.02180685358255452
ElasticNet regression,Specificity,S4 - S4,0.0,0.0,0.0
ElasticNet regression,Specificity,S4 - S5,-0.0015264797507788164,-0.012461059190031154,0.010981308411214929
ElasticNet regression,Specificity,S5 - S1,0.010373831775700938,-0.029672897196261684,0.054595015576323964
ElasticNet regression,Specificity,S5 - S2,0.010218068535825546,-0.024922118380062308,0.046884735202492166
ElasticNet regression,Specificity,S5 - S3,0.004205607476635514,-0.01721183800623053,0.02655763239875387
ElasticNet regression,Specificity,S5 - S4,0.0015264797507788164,-0.010981308411214955,0.012461059190031154
ElasticNet regression,Specificity,S5 - S5,0.0,0.0,0.0
Lasso regression,AUPRC value,S1 - S1,0.0,0.0,0.0
Lasso regression,AUPRC value,S1 - S2,0.011249356831525708,-0.11181894879061587,0.18794839438398905
Lasso regression,AUPRC value,S1 - S3,-0.04233753430840198,-0.28522837595860945,0.11299332915950483
Lasso regression,AUPRC value,S1 - S4,-0.0323406402039838,-0.20998703750217151,0.13165407821579797
Lasso regression,AUPRC value,S1 - S5,-0.04257320178175647,-0.22140075170059015,0.14884903384625073
Lasso regression,AUPRC value,S2 - S1,-0.011249356831525708,-0.18794839438398947,0.11181894879061587
Lasso regression,AUPRC value,S2 - S2,0.0,0.0,0.0
Lasso regression,AUPRC value,S2 - S3,-0.0535868911399277,-0.29765174127861227,0.1250207204021697
Lasso regression,AUPRC value,S2 - S4,-0.0435899970355095,-0.24502802733960305,0.1507921236027423
Lasso regression,AUPRC value,S2 - S5,-0.053822558613282175,-0.2886567622491761,0.11802780654709782
Lasso regression,AUPRC value,S3 - S1,0.04233753430840198,-0.11299332915950488,0.2852283759586092
Lasso regression,AUPRC value,S3 - S2,0.0535868911399277,-0.12502072040216994,0.29765174127861227
Lasso regression,AUPRC value,S3 - S3,0.0,0.0,0.0
Lasso regression,AUPRC value,S3 - S4,0.009996894104418196,-0.09462445311815028,0.14744342280773148
Lasso regression,AUPRC value,S3 - S5,-0.00023566747335447474,-0.11738408668498349,0.16844424013155399
Lasso regression,AUPRC value,S4 - S1,0.0323406402039838,-0.13165407821579828,0.20998703750217151
Lasso regression,AUPRC value,S4 - S2,0.0435899970355095,-0.1507921236027423,0.2450280273396029
Lasso regression,AUPRC value,S4 - S3,-0.009996894104418196,-0.14744342280773148,0.09462445311815026
Lasso regression,AUPRC value,S4 - S4,0.0,0.0,0.0
Lasso regression,AUPRC value,S4 - S5,-0.010232561577772668,-0.09884509900612032,0.08162672073916405
Lasso regression,AUPRC value,S5 - S1,0.04257320178175647,-0.14884903384625092,0.22140075170059006
Lasso regression,AUPRC value,S5 - S2,0.053822558613282175,-0.11802780654709813,0.28865676224917586
Lasso regression,AUPRC value,S5 - S3,0.00023566747335447474,-0.16844424013155415,0.11738408668498347
Lasso regression,AUPRC value,S5 - S4,0.010232561577772668,-0.08162672073916416,0.09884509900612029
Lasso regression,AUPRC value,S5 - S5,0.0,0.0,0.0
Lasso regression,AUROC value,S1 - S1,0.0,0.0,0.0
Lasso regression,AUROC value,S1 - S2,0.0015716510903426917,-0.004754672897196227,0.012278037383177608
Lasso regression,AUROC value,S1 - S3,-0.008107476635514005,-0.035109034267912696,0.01387461059190028
Lasso regression,AUROC value,S1 - S4,-0.010976635514018689,-0.050455607476635495,0.037955607476635476
Lasso regression,AUROC value,S1 - S5,-0.012637071651090327,-0.05662772585669783,0.046616043613707185
Lasso regression,AUROC value,S2 - S1,-0.0015716510903426917,-0.012278037383177625,0.004754672897196226
Lasso regression,AUROC value,S2 - S2,0.0,0.0,0.0
Lasso regression,AUROC value,S2 - S3,-0.009679127725856697,-0.039933800623052865,0.010342679127725846
Lasso regression,AUROC value,S2 - S4,-0.012548286604361381,-0.04810358255451713,0.038364485981308295
Lasso regression,AUROC value,S2 - S5,-0.014208722741433016,-0.05490654205607468,0.04600467289719617
Lasso regression,AUROC value,S3 - S1,0.008107476635514005,-0.01387461059190031,0.035109034267912675
Lasso regression,AUROC value,S3 - S2,0.009679127725856697,-0.010342679127725869,0.03993380062305276
Lasso regression,AUROC value,S3 - S3,0.0,0.0,0.0
Lasso regression,AUROC value,S3 - S4,-0.0028691588785046828,-0.030623052959501622,0.02935358255451706
Lasso regression,AUROC value,S3 - S5,-0.004529595015576322,-0.038317757009345865,0.038473520249221196
Lasso regression,AUROC value,S4 - S1,0.010976635514018689,-0.03795560747663548,0.05045560747663547
Lasso regression,AUROC value,S4 - S2,0.012548286604361381,-0.03836448598130831,0.04810358255451712
Lasso regression,AUROC value,S4 - S3,0.0028691588785046828,-0.029353582554517133,0.03062305295950159
Lasso regression,AUROC value,S4 - S4,0.0,0.0,0.0
Lasso regression,AUROC value,S4 - S5,-0.0016604361370716391,-0.012523364485981361,0.009750778816199372
Lasso regression,AUROC value,S5 - S1,0.012637071651090327,-0.04661604361370723,0.0566277258566978
Lasso regression,AUROC value,S5 - S2,0.014208722741433016,-0.04600467289719619,0.054906542056074654
Lasso regression,AUROC value,S5 - S3,0.004529595015576322,-0.03847352024922125,0.038317757009345865
Lasso regression,AUROC value,S5 - S4,0.0016604361370716391,-0.009750778816199403,0.01252336448598134
Lasso regression,AUROC value,S5 - S5,0.0,0.0,0.0
Lasso regression,Accuracy,S1 - S1,0.0,0.0,0.0
Lasso regression,Accuracy,S1 - S2,0.0017220543806646526,-0.015256797583081554,0.032099697885196204
Lasso regression,Accuracy,S1 - S3,-0.0031117824773413873,-0.04086102719033232,0.034818731117824735
Lasso regression,Accuracy,S1 - S4,-0.006435045317220538,-0.04086102719033232,0.03481873111782474
Lasso regression,Accuracy,S1 - S5,-0.007975830815709966,-0.04546827794561929,0.03179758308157104
Lasso regression,Accuracy,S2 - S1,-0.0017220543806646526,-0.032099697885196336,0.015256797583081504
Lasso regression,Accuracy,S2 - S2,0.0,0.0,0.0
Lasso regression,Accuracy,S2 - S3,-0.00483383685800604,-0.041012084592145066,0.03338368580060412
Lasso regression,Accuracy,S2 - S4,-0.00815709969788519,-0.04388217522658613,0.03481873111782474
Lasso regression,Accuracy,S2 - S5,-0.009697885196374618,-0.04992447129909363,0.030211480362537794
Lasso regression,Accuracy,S3 - S1,0.0031117824773413873,-0.034818731117824755,0.04086102719033229
Lasso regression,Accuracy,S3 - S2,0.00483383685800604,-0.033383685800604176,0.04101208459214499
Lasso regression,Accuracy,S3 - S3,0.0,0.0,0.0
Lasso regression,Accuracy,S3 - S4,-0.003323262839879151,-0.02114803625377648,0.019712990936555812
Lasso regression,Accuracy,S3 - S5,-0.004864048338368578,-0.028776435045317204,0.019712990936555864
Lasso regression,Accuracy,S4 - S1,0.006435045317220538,-0.03481873111782476,0.04086102719033229
Lasso regression,Accuracy,S4 - S2,0.00815709969788519,-0.03481873111782476,0.043882175226586106
Lasso regression,Accuracy,S4 - S3,0.003323262839879151,-0.01971299093655584,0.02114803625377648
Lasso regression,Accuracy,S4 - S4,0.0,0.0,0.0
Lasso regression,Accuracy,S4 - S5,-0.0015407854984894275,-0.015105740181268926,0.012084592145015116
Lasso regression,Accuracy,S5 - S1,0.007975830815709966,-0.03179758308157107,0.04546827794561924
Lasso regression,Accuracy,S5 - S2,0.009697885196374618,-0.030211480362537794,0.04992447129909361
Lasso regression,Accuracy,S5 - S3,0.004864048338368578,-0.01971299093655589,0.028776435045317177
Lasso regression,Accuracy,S5 - S4,0.0015407854984894275,-0.012084592145015116,0.015105740181268926
Lasso regression,Accuracy,S5 - S5,0.0,0.0,0.0
Lasso regression,NPV,S1 - S1,0.0,0.0,0.0
Lasso regression,NPV,S1 - S2,0.00011666059920560134,-0.00014305979105308785,0.0035346529852353084
Lasso regression,NPV,S1 - S3,-0.00010800161144907339,-0.005271773337384353,0.0051468568111472145
Lasso regression,NPV,S1 - S4,-3.778825896049942e-05,-0.006787345555400804,0.003604772937757758
Lasso regression,NPV,S1 - S5,1.8620903441642912e-05,-0.006805880642635059,0.003727200313395292
Lasso regression,NPV,S2 - S1,-0.00011666059920560134,-0.0035346529852353092,0.0001430597910530874
Lasso regression,NPV,S2 - S2,0.0,0.0,0.0
Lasso regression,NPV,S2 - S3,-0.00022466221065467473,-0.004158911796122181,0.005245602028690254
Lasso regression,NPV,S2 - S4,-0.00015444885816610077,-0.006910304425887445,0.003609925573824546
Lasso regression,NPV,S2 - S5,-9.803969576395844e-05,-0.006923141396362434,0.005397456293749613
Lasso regression,NPV,S3 - S1,0.00010800161144907339,-0.0051468568111472405,0.005271773337384334
Lasso regression,NPV,S3 - S2,0.00022466221065467473,-0.00524560202869028,0.004158911796122179
Lasso regression,NPV,S3 - S3,0.0,0.0,0.0
Lasso regression,NPV,S3 - S4,7.021335248857396e-05,-0.0036591928395188988,0.006715165598119427
Lasso regression,NPV,S3 - S5,0.0001266225148907163,-0.003904781418901465,0.006614528321105962
Lasso regression,NPV,S4 - S1,3.778825896049942e-05,-0.003604772937757758,0.006787345555400803
Lasso regression,NPV,S4 - S2,0.00015444885816610077,-0.003609925573824546,0.006910304425887444
Lasso regression,NPV,S4 - S3,-7.021335248857396e-05,-0.006715165598119429,0.0036591928395188988
Lasso regression,NPV,S4 - S4,0.0,0.0,0.0
Lasso regression,NPV,S4 - S5,5.6409162402142334e-05,-0.003375524142809225,0.0034059210348982515
Lasso regression,NPV,S5 - S1,-1.8620903441642912e-05,-0.003727200313395293,0.006805880642635058
Lasso regression,NPV,S5 - S2,9.803969576395844e-05,-0.0053974562937496385,0.006923141396362433
Lasso regression,NPV,S5 - S3,-0.0001266225148907163,-0.0066145283211059645,0.003904781418901464
Lasso regression,NPV,S5 - S4,-5.6409162402142334e-05,-0.0034059210348982515,0.0033755241428092228
Lasso regression,NPV,S5 - S5,0.0,0.0,0.0
Lasso regression,Precision,S1 - S1,0.0,0.0,0.0
Lasso regression,Precision,S1 - S2,0.0018620765418266194,-0.01878948382126347,0.027597891566265017
Lasso regression,Precision,S1 - S3,-0.004619221818917745,-0.056055372807017556,0.04604703605258518
Lasso regression,Precision,S1 - S4,-0.007723600577192138,-0.05641373063911265,0.04800952950391138
Lasso regression,Precision,S1 - S5,-0.009238783648866752,-0.07024033437826539,0.05207836581657331
Lasso regression,Precision,S2 - S1,-0.0018620765418266194,-0.02759789156626506,0.018789483821263442
Lasso regression,Precision,S2 - S2,0.0,0.0,0.0
Lasso regression,Precision,S2 - S3,-0.006481298360744364,-0.05860913624787777,0.045372552104659215
Lasso regression,Precision,S2 - S4,-0.009585677119018756,-0.06313488142292487,0.053502881205673744
Lasso regression,Precision,S2 - S5,-0.011100860190693373,-0.06730618519411623,0.05207836581657331
Lasso regression,Precision,S3 - S1,0.004619221818917745,-0.04604703605258521,0.056055372807017494
Lasso regression,Precision,S3 - S2,0.006481298360744364,-0.04537255210465923,0.05860913624787775
Lasso regression,Precision,S3 - S3,0.0,0.0,0.0
Lasso regression,Precision,S3 - S4,-0.003104378758274392,-0.03633968994012071,0.0417652027027026
Lasso regression,Precision,S3 - S5,-0.004619561829949008,-0.049412652733877425,0.03935520361990945
Lasso regression,Precision,S4 - S1,0.007723600577192138,-0.0480095295039114,0.0564137306391126
Lasso regression,Precision,S4 - S2,0.009585677119018756,-0.053502881205673765,0.06313488142292463
Lasso regression,Precision,S4 - S3,0.003104378758274392,-0.0417652027027027,0.03633968994012069
Lasso regression,Precision,S4 - S4,0.0,0.0,0.0
Lasso regression,Precision,S4 - S5,-0.0015151830716746168,-0.027195373062015495,0.019400371640937608
Lasso regression,Precision,S5 - S1,0.009238783648866752,-0.05207836581657335,0.07024033437826527
Lasso regression,Precision,S5 - S2,0.011100860190693373,-0.05207836581657335,0.06730618519411605
Lasso regression,Precision,S5 - S3,0.004619561829949008,-0.039355203619909504,0.049412652733877266
Lasso regression,Precision,S5 - S4,0.0015151830716746168,-0.019400371640937667,0.027195373062015474
Lasso regression,Precision,S5 - S5,0.0,0.0,0.0
Lasso regression,Sensitivity,S1 - S1,0.0,0.0,0.0
Lasso regression,Sensitivity,S1 - S2,0.0030000000000000027,0.0,0.10000000000000003
Lasso regression,Sensitivity,S1 - S3,-0.0030000000000000014,-0.15250000000000002,0.15249999999999922
Lasso regression,Sensitivity,S1 - S4,2.220446049250313e-18,-0.2,0.10000000000000009
Lasso regression,Sensitivity,S1 - S5,0.0020000000000000005,-0.2,0.10000000000000009
Lasso regression,Sensitivity,S2 - S1,-0.0030000000000000027,-0.10000000000000003,-0.0
Lasso regression,Sensitivity,S2 - S2,0.0,0.0,0.0
Lasso regression,Sensitivity,S2 - S3,-0.0060000000000000045,-0.10000000000000009,0.15249999999999922
Lasso regression,Sensitivity,S2 - S4,-0.0030000000000000005,-0.20000000000000007,0.10000000000000009
Lasso regression,Sensitivity,S2 - S5,-0.001000000000000002,-0.20000000000000007,0.15249999999999916
Lasso regression,Sensitivity,S3 - S1,0.0030000000000000014,-0.15250000000000008,0.15249999999999916
Lasso regression,Sensitivity,S3 - S2,0.0060000000000000045,-0.15250000000000008,0.10000000000000009
Lasso regression,Sensitivity,S3 - S3,0.0,0.0,0.0
Lasso regression,Sensitivity,S3 - S4,0.003000000000000004,-0.10000000000000003,0.2
Lasso regression,Sensitivity,S3 - S5,0.005000000000000002,-0.10000000000000009,0.2
Lasso regression,Sensitivity,S4 - S1,-2.220446049250313e-18,-0.10000000000000009,0.2
Lasso regression,Sensitivity,S4 - S2,0.0030000000000000005,-0.10000000000000009,0.20000000000000007
Lasso regression,Sensitivity,S4 - S3,-0.003000000000000004,-0.2,0.10000000000000003
Lasso regression,Sensitivity,S4 - S4,0.0,0.0,0.0
Lasso regression,Sensitivity,S4 - S5,0.0019999999999999983,-0.09999999999999998,0.09999999999999998
Lasso regression,Sensitivity,S5 - S1,-0.0020000000000000005,-0.10000000000000009,0.2
Lasso regression,Sensitivity,S5 - S2,0.001000000000000002,-0.15250000000000002,0.20000000000000007
Lasso regression,Sensitivity,S5 - S3,-0.005000000000000002,-0.2,0.10000000000000009
Lasso regression,Sensitivity,S5 - S4,-0.0019999999999999983,-0.09999999999999998,0.09999999999999998
Lasso regression,Sensitivity,S5 - S5,0.0,0.0,0.0
Lasso regression,Specificity,S1 - S1,0.0,0.0,0.0
Lasso regression,Specificity,S1 - S2,0.0016822429906542058,-0.015732087227414333,0.03309968847352012
Lasso regression,Specificity,S1 - S3,-0.0031152647975077885,-0.04213395638629284,0.03590342679127723
Lasso regression,Specificity,S1 - S4,-0.006635514018691589,-0.04213395638629284,0.03590342679127723
Lasso regression,Specificity,S1 - S5,-0.008286604361370718,-0.04672897196261683,0.032788161993769445
Lasso regression,Specificity,S2 - S1,-0.0016822429906542058,-0.03309968847352025,0.01573208722741428
Lasso regression,Specificity,S2 - S2,0.0,0.0,0.0
Lasso regression,Specificity,S2 - S3,-0.004797507788161994,-0.04080996884735203,0.031152647975077885
Lasso regression,Specificity,S2 - S4,-0.008317757009345795,-0.046884735202492214,0.03590342679127723
Lasso regression,Specificity,S2 - S5,-0.009968847352024923,-0.05,0.031152647975077885
Lasso regression,Specificity,S3 - S1,0.0031152647975077885,-0.03590342679127726,0.04213395638629281
Lasso regression,Specificity,S3 - S2,0.004797507788161994,-0.031152647975077885,0.04080996884735193
Lasso regression,Specificity,S3 - S3,0.0,0.0,0.0
Lasso regression,Specificity,S3 - S4,-0.003520249221183801,-0.023442367601246107,0.01869158878504673
Lasso regression,Specificity,S3 - S5,-0.005171339563862929,-0.031152647975077885,0.021962616822429858
Lasso regression,Specificity,S4 - S1,0.006635514018691589,-0.03590342679127726,0.04213395638629281
Lasso regression,Specificity,S4 - S2,0.008317757009345795,-0.03590342679127726,0.046884735202492166
Lasso regression,Specificity,S4 - S3,0.003520249221183801,-0.01869158878504673,0.023442367601246083
Lasso regression,Specificity,S4 - S4,0.0,0.0,0.0
Lasso regression,Specificity,S4 - S5,-0.001651090342679128,-0.015576323987538943,0.012461059190031154
Lasso regression,Specificity,S5 - S1,0.008286604361370718,-0.03278816199376947,0.04672897196261683
Lasso regression,Specificity,S5 - S2,0.009968847352024923,-0.031152647975077885,0.049999999999999954
Lasso regression,Specificity,S5 - S3,0.005171339563862929,-0.02196261682242991,0.031152647975077885
Lasso regression,Specificity,S5 - S4,0.001651090342679128,-0.012461059190031154,0.015576323987538943
Lasso regression,Specificity,S5 - S5,0.0,0.0,0.0
LightGBM,AUPRC value,S1 - S1,0.0,0.0,0.0
LightGBM,AUPRC value,S1 - S2,-0.009168854545404696,-0.1224434848333235,0.06826852489636243
LightGBM,AUPRC value,S1 - S3,-0.03083578165243201,-0.1812408162635558,0.1162098336267775
LightGBM,AUPRC value,S1 - S4,-0.044765477646879576,-0.26333112558077526,0.11712174110452905
LightGBM,AUPRC value,S1 - S5,-0.03734736865448421,-0.20453785971625535,0.13040812647820446
LightGBM,AUPRC value,S2 - S1,0.009168854545404696,-0.06826852489636244,0.12244348483332314
LightGBM,AUPRC value,S2 - S2,0.0,0.0,0.0
LightGBM,AUPRC value,S2 - S3,-0.021666927107027313,-0.15892638785905183,0.10660395366310337
LightGBM,AUPRC value,S2 - S4,-0.03559662310147489,-0.18418519213895448,0.12638857361859682
LightGBM,AUPRC value,S2 - S5,-0.028178514109079515,-0.19364789808569194,0.1315661916188504
LightGBM,AUPRC value,S3 - S1,0.03083578165243201,-0.11620983362677753,0.18124081626355576
LightGBM,AUPRC value,S3 - S2,0.021666927107027313,-0.10660395366310337,0.15892638785905158
LightGBM,AUPRC value,S3 - S3,0.0,0.0,0.0
LightGBM,AUPRC value,S3 - S4,-0.013929695994447568,-0.19049956397354362,0.09851000652773473
LightGBM,AUPRC value,S3 - S5,-0.0065115870020521945,-0.13759350215934216,0.09505203852130874
LightGBM,AUPRC value,S4 - S1,0.044765477646879576,-0.11712174110452925,0.26333112558077476
LightGBM,AUPRC value,S4 - S2,0.03559662310147489,-0.12638857361859693,0.18418519213895446
LightGBM,AUPRC value,S4 - S3,0.013929695994447568,-0.09851000652773481,0.19049956397354337
LightGBM,AUPRC value,S4 - S4,0.0,0.0,0.0
LightGBM,AUPRC value,S4 - S5,0.007418108992395376,-0.08733034459971606,0.08848327211276244
LightGBM,AUPRC value,S5 - S1,0.03734736865448421,-0.13040812647820452,0.20453785971625527
LightGBM,AUPRC value,S5 - S2,0.028178514109079515,-0.13156619161885053,0.19364789808569183
LightGBM,AUPRC value,S5 - S3,0.0065115870020521945,-0.09505203852130875,0.13759350215934216
LightGBM,AUPRC value,S5 - S4,-0.007418108992395376,-0.08848327211276244,0.08733034459971578
LightGBM,AUPRC value,S5 - S5,0.0,0.0,0.0
LightGBM,AUROC value,S1 - S1,0.0,0.0,0.0
LightGBM,AUROC value,S1 - S2,-0.0024937694704049874,-0.056183800623053,0.02680295950155766
LightGBM,AUROC value,S1 - S3,-0.011869158878504689,-0.1122741433021807,0.04861370716510906
LightGBM,AUROC value,S1 - S4,-0.012294392523364488,-0.10652258566978191,0.0625350467289719
LightGBM,AUROC value,S1 - S5,-0.01552959501557634,-0.10906542056074774,0.059264018691588774
LightGBM,AUROC value,S2 - S1,0.0024937694704049874,-0.026802959501557692,0.05618380062305285
LightGBM,AUROC value,S2 - S2,0.0,0.0,0.0
LightGBM,AUROC value,S2 - S3,-0.0093753894080997,-0.08610981308411216,0.05471183800623051
LightGBM,AUROC value,S2 - S4,-0.009800623052959503,-0.0958294392523365,0.05132788161993757
LightGBM,AUROC value,S2 - S5,-0.013035825545171348,-0.09432242990654204,0.05570093457943924
LightGBM,AUROC value,S3 - S1,0.011869158878504689,-0.04861370716510906,0.11227414330218066
LightGBM,AUROC value,S3 - S2,0.0093753894080997,-0.05471183800623052,0.08610981308411213
LightGBM,AUROC value,S3 - S3,0.0,0.0,0.0
LightGBM,AUROC value,S3 - S4,-0.0004252336448598026,-0.07987538940809973,0.054193925233644795
LightGBM,AUROC value,S3 - S5,-0.003660436137071653,-0.07062694704049846,0.05107866043613707
LightGBM,AUROC value,S4 - S1,0.012294392523364488,-0.062535046728972,0.1065225856697819
LightGBM,AUROC value,S4 - S2,0.009800623052959503,-0.05132788161993773,0.09582943925233636
LightGBM,AUROC value,S4 - S3,0.0004252336448598026,-0.054193925233644816,0.07987538940809948
LightGBM,AUROC value,S4 - S4,0.0,0.0,0.0
LightGBM,AUROC value,S4 - S5,-0.0032352024922118507,-0.04414330218068544,0.0536059190031152
LightGBM,AUROC value,S5 - S1,0.01552959501557634,-0.05926401869158882,0.10906542056074772
LightGBM,AUROC value,S5 - S2,0.013035825545171348,-0.05570093457943932,0.09432242990654201
LightGBM,AUROC value,S5 - S3,0.003660436137071653,-0.0510786604361371,0.07062694704049831
LightGBM,AUROC value,S5 - S4,0.0032352024922118507,-0.053605919003115204,0.044143302180685365
LightGBM,AUROC value,S5 - S5,0.0,0.0,0.0
LightGBM,Accuracy,S1 - S1,0.0,0.0,0.0
LightGBM,Accuracy,S1 - S2,-0.027311178247734144,-0.33640483383685804,0.20876132930513588
LightGBM,Accuracy,S1 - S3,-0.07948640483383686,-0.35649546827794565,0.17409365558912374
LightGBM,Accuracy,S1 - S4,-0.09876132930513595,-0.33089123867069486,0.15188821752265785
LightGBM,Accuracy,S1 - S5,-0.10812688821752266,-0.3339123867069486,0.06827794561933473
LightGBM,Accuracy,S2 - S1,0.027311178247734144,-0.208761329305136,0.3364048338368577
LightGBM,Accuracy,S2 - S2,0.0,0.0,0.0
LightGBM,Accuracy,S2 - S3,-0.05217522658610271,-0.347583081570997,0.1928247734138969
LightGBM,Accuracy,S2 - S4,-0.07145015105740181,-0.33089123867069486,0.18761329305135946
LightGBM,Accuracy,S2 - S5,-0.08081570996978851,-0.3323262839879154,0.07197885196374591
LightGBM,Accuracy,S3 - S1,0.07948640483383686,-0.17409365558912385,0.35649546827794565
LightGBM,Accuracy,S3 - S2,0.05217522658610271,-0.19282477341389723,0.34758308157099693
LightGBM,Accuracy,S3 - S3,0.0,0.0,0.0
LightGBM,Accuracy,S3 - S4,-0.019274924471299092,-0.26790030211480353,0.18361027190332302
LightGBM,Accuracy,S3 - S5,-0.028640483383685796,-0.27507552870090635,0.06805135951661628
LightGBM,Accuracy,S4 - S1,0.09876132930513595,-0.15188821752265863,0.33089123867069486
LightGBM,Accuracy,S4 - S2,0.07145015105740181,-0.18761329305135957,0.33089123867069486
LightGBM,Accuracy,S4 - S3,0.019274924471299092,-0.1836102719033233,0.26790030211480337
LightGBM,Accuracy,S4 - S4,0.0,0.0,0.0
LightGBM,Accuracy,S4 - S5,-0.00936555891238671,-0.14735649546827795,0.09282477341389705
LightGBM,Accuracy,S5 - S1,0.10812688821752266,-0.06827794561933534,0.3339123867069486
LightGBM,Accuracy,S5 - S2,0.08081570996978851,-0.07197885196374623,0.3323262839879154
LightGBM,Accuracy,S5 - S3,0.028640483383685796,-0.0680513595166163,0.2750755287009063
LightGBM,Accuracy,S5 - S4,0.00936555891238671,-0.09282477341389729,0.14735649546827767
LightGBM,Accuracy,S5 - S5,0.0,0.0,0.0
LightGBM,NPV,S1 - S1,0.0,0.0,0.0
LightGBM,NPV,S1 - S2,0.0013307126491437803,-0.011068506723383983,0.012822699115498819
LightGBM,NPV,S1 - S3,0.00244736744369083,-0.008415030567015083,0.012822699115498819
LightGBM,NPV,S1 - S4,0.0025716947101173814,-0.009819071606678892,0.012684988798501336
LightGBM,NPV,S1 - S5,0.0027460186727794288,-0.009790612156913538,0.013164882134530702
LightGBM,NPV,S2 - S1,-0.0013307126491437803,-0.01282269911549882,0.011068506723383982
LightGBM,NPV,S2 - S2,0.0,0.0,0.0
LightGBM,NPV,S2 - S3,0.0011166547945470496,-0.006502040440551027,0.01033223122866894
LightGBM,NPV,S2 - S4,0.001240982060973601,-0.00812431347163462,0.010435320229481371
LightGBM,NPV,S2 - S5,0.0014153060236356484,-0.008096105782883606,0.012793905440964275
LightGBM,NPV,S3 - S1,-0.00244736744369083,-0.01282269911549882,0.00841503056701507
LightGBM,NPV,S3 - S2,-0.0011166547945470496,-0.010332231228668942,0.006502040440551026
LightGBM,NPV,S3 - S3,0.0,0.0,0.0
LightGBM,NPV,S3 - S4,0.00012432726642655156,-0.007149007321619288,0.006357117493525301
LightGBM,NPV,S3 - S5,0.000298651229088599,-0.006866299885769872,0.006547198114218369
LightGBM,NPV,S4 - S1,-0.0025716947101173814,-0.012684988798501337,0.00981907160667885
LightGBM,NPV,S4 - S2,-0.001240982060973601,-0.010435320229481381,0.008124313471634594
LightGBM,NPV,S4 - S3,-0.00012432726642655156,-0.006357117493525302,0.0071490073216192804
LightGBM,NPV,S4 - S4,0.0,0.0,0.0
LightGBM,NPV,S4 - S5,0.00017432396266204743,-0.0035632883134856714,0.006350862843138093
LightGBM,NPV,S5 - S1,-0.0027460186727794288,-0.013164882134530709,0.009790612156913498
LightGBM,NPV,S5 - S2,-0.0014153060236356484,-0.012793905440964278,0.00809610578288358
LightGBM,NPV,S5 - S3,-0.000298651229088599,-0.00654719811421837,0.006866299885769868
LightGBM,NPV,S5 - S4,-0.00017432396266204743,-0.006350862843138095,0.003563288313485671
LightGBM,NPV,S5 - S5,0.0,0.0,0.0
LightGBM,Precision,S1 - S1,0.0,0.0,0.0
LightGBM,Precision,S1 - S2,-0.03404974609213683,-0.23499826107813154,0.07527795162723087
LightGBM,Precision,S1 - S3,-0.06273532423704012,-0.23066339869281047,0.07577241255645936
LightGBM,Precision,S1 - S4,-0.08102423258333154,-0.24888939152303258,0.07282985558033328
LightGBM,Precision,S1 - S5,-0.08517273538161893,-0.23499826107813154,0.028453726123217605
LightGBM,Precision,S2 - S1,0.03404974609213683,-0.07527795162723089,0.23499826107813143
LightGBM,Precision,S2 - S2,0.0,0.0,0.0
LightGBM,Precision,S2 - S3,-0.028685578144903277,-0.23739583333333333,0.1527389277389277
LightGBM,Precision,S2 - S4,-0.04697448649119469,-0.2379367236024845,0.1631725628930816
LightGBM,Precision,S2 - S5,-0.05112298928948209,-0.225803144493978,0.09916392182696522
LightGBM,Precision,S3 - S1,0.06273532423704012,-0.07577241255645949,0.2306633986928104
LightGBM,Precision,S3 - S2,0.028685578144903277,-0.15273892773892772,0.23739583333333328
LightGBM,Precision,S3 - S3,0.0,0.0,0.0
LightGBM,Precision,S3 - S4,-0.018288908346291412,-0.22415454311149005,0.13264732174783664
LightGBM,Precision,S3 - S5,-0.022437411144578815,-0.232559148141764,0.10187499999999995
LightGBM,Precision,S4 - S1,0.08102423258333154,-0.07282985558033343,0.24888939152303258
LightGBM,Precision,S4 - S2,0.04697448649119469,-0.16317256289308174,0.23793672360248444
LightGBM,Precision,S4 - S3,0.018288908346291412,-0.13264732174783667,0.22415454311149002
LightGBM,Precision,S4 - S4,0.0,0.0,0.0
LightGBM,Precision,S4 - S5,-0.004148502798287398,-0.14647164965107262,0.13209477124182997
LightGBM,Precision,S5 - S1,0.08517273538161893,-0.02845372612321765,0.23499826107813143
LightGBM,Precision,S5 - S2,0.05112298928948209,-0.09916392182696532,0.225803144493978
LightGBM,Precision,S5 - S3,0.022437411144578815,-0.10187499999999998,0.2325591481417639
LightGBM,Precision,S5 - S4,0.004148502798287398,-0.13209477124183006,0.14647164965107218
LightGBM,Precision,S5 - S5,0.0,0.0,0.0
LightGBM,Sensitivity,S1 - S1,0.0,0.0,0.0
LightGBM,Sensitivity,S1 - S2,0.05,-0.25250000000000006,0.4
LightGBM,Sensitivity,S1 - S3,0.08600000000000002,-0.15250000000000008,0.4
LightGBM,Sensitivity,S1 - S4,0.094,-0.20000000000000007,0.4
LightGBM,Sensitivity,S1 - S5,0.10000000000000002,-0.20000000000000007,0.4
LightGBM,Sensitivity,S2 - S1,-0.05,-0.4,0.2524999999999992
LightGBM,Sensitivity,S2 - S2,0.0,0.0,0.0
LightGBM,Sensitivity,S2 - S3,0.036,-0.20000000000000007,0.30000000000000004
LightGBM,Sensitivity,S2 - S4,0.044,-0.20000000000000007,0.30000000000000004
LightGBM,Sensitivity,S2 - S5,0.04999999999999999,-0.20000000000000007,0.4
LightGBM,Sensitivity,S3 - S1,-0.08600000000000002,-0.4,0.15249999999999922
LightGBM,Sensitivity,S3 - S2,-0.036,-0.30000000000000004,0.20000000000000007
LightGBM,Sensitivity,S3 - S3,0.0,0.0,0.0
LightGBM,Sensitivity,S3 - S4,0.008000000000000002,-0.20000000000000007,0.20000000000000007
LightGBM,Sensitivity,S3 - S5,0.014000000000000004,-0.20000000000000007,0.20000000000000007
LightGBM,Sensitivity,S4 - S1,-0.094,-0.4,0.20000000000000007
LightGBM,Sensitivity,S4 - S2,-0.044,-0.30000000000000004,0.20000000000000007
LightGBM,Sensitivity,S4 - S3,-0.008000000000000002,-0.20000000000000007,0.20000000000000007
LightGBM,Sensitivity,S4 - S4,0.0,0.0,0.0
LightGBM,Sensitivity,S4 - S5,0.006000000000000001,-0.10000000000000009,0.20000000000000007
LightGBM,Sensitivity,S5 - S1,-0.10000000000000002,-0.4,0.20000000000000007
LightGBM,Sensitivity,S5 - S2,-0.04999999999999999,-0.4,0.20000000000000007
LightGBM,Sensitivity,S5 - S3,-0.014000000000000004,-0.20000000000000007,0.20000000000000007
LightGBM,Sensitivity,S5 - S4,-0.006000000000000001,-0.20000000000000007,0.10000000000000009
LightGBM,Sensitivity,S5 - S5,0.0,0.0,0.0
LightGBM,Specificity,S1 - S1,0.0,0.0,0.0
LightGBM,Specificity,S1 - S2,-0.0297196261682243,-0.3559190031152648,0.2167445482866043
LightGBM,Specificity,S1 - S3,-0.0846417445482866,-0.37235202492211844,0.18115264797507774
LightGBM,Specificity,S1 - S4,-0.10476635514018696,-0.3457943925233645,0.15809968847351946
LightGBM,Specificity,S1 - S5,-0.11461059190031155,-0.3505451713395639,0.07204049844236694
LightGBM,Specificity,S2 - S1,0.0297196261682243,-0.2167445482866044,0.3559190031152646
LightGBM,Specificity,S2 - S2,0.0,0.0,0.0
LightGBM,Specificity,S2 - S3,-0.054922118380062314,-0.3630062305295951,0.19883177570093424
LightGBM,Specificity,S2 - S4,-0.07504672897196263,-0.3457943925233645,0.19345794392523355
LightGBM,Specificity,S2 - S5,-0.08489096573208724,-0.3489096573208723,0.07110591900311493
LightGBM,Specificity,S3 - S1,0.0846417445482866,-0.1811526479750779,0.3723520249221184
LightGBM,Specificity,S3 - S2,0.054922118380062314,-0.1988317757009346,0.363006230529595
LightGBM,Specificity,S3 - S3,0.0,0.0,0.0
LightGBM,Specificity,S3 - S4,-0.020124610591900315,-0.27951713395638633,0.18933021806853556
LightGBM,Specificity,S3 - S5,-0.029968847352024923,-0.2883956386292835,0.07017133956386291
LightGBM,Specificity,S4 - S1,0.10476635514018696,-0.15809968847352027,0.3457943925233645
LightGBM,Specificity,S4 - S2,0.07504672897196263,-0.19345794392523366,0.3457943925233645
LightGBM,Specificity,S4 - S3,0.020124610591900315,-0.18933021806853584,0.2795171339563861
LightGBM,Specificity,S4 - S4,0.0,0.0,0.0
LightGBM,Specificity,S4 - S5,-0.009844236760124612,-0.15506230529595016,0.09883177570093435
LightGBM,Specificity,S5 - S1,0.11461059190031155,-0.0720404984423676,0.35054517133956387
LightGBM,Specificity,S5 - S2,0.08489096573208724,-0.07110591900311528,0.3489096573208723
LightGBM,Specificity,S5 - S3,0.029968847352024923,-0.07017133956386294,0.28839563862928347
LightGBM,Specificity,S5 - S4,0.009844236760124612,-0.09883177570093458,0.1550623052959499
LightGBM,Specificity,S5 - S5,0.0,0.0,0.0
Random Forest,AUPRC value,S1 - S1,0.0,0.0,0.0
Random Forest,AUPRC value,S1 - S2,0.002628717503499366,-0.18714251127572099,0.1789651995270102
Random Forest,AUPRC value,S1 - S3,-0.04690969982381886,-0.2522623725963128,0.13630339566871563
Random Forest,AUPRC value,S1 - S4,-0.0637884815587328,-0.279647573349547,0.13257959015884976
Random Forest,AUPRC value,S1 - S5,-0.07384892883023177,-0.34367031960656147,0.1658379181893806
Random Forest,AUPRC value,S2 - S1,-0.002628717503499366,-0.1789651995270102,0.18714251127572096
Random Forest,AUPRC value,S2 - S2,0.0,0.0,0.0
Random Forest,AUPRC value,S2 - S3,-0.04953841732731821,-0.26087596708295724,0.13962665463510007
Random Forest,AUPRC value,S2 - S4,-0.06641719906223216,-0.2909473395018561,0.1368897596702517
Random Forest,AUPRC value,S2 - S5,-0.07647764633373114,-0.27326100826391647,0.14410958482253902
Random Forest,AUPRC value,S3 - S1,0.04690969982381886,-0.13630339566871566,0.25226237259631273
Random Forest,AUPRC value,S3 - S2,0.04953841732731821,-0.13962665463510027,0.26087596708295685
Random Forest,AUPRC value,S3 - S3,0.0,0.0,0.0
Random Forest,AUPRC value,S3 - S4,-0.016878781734913945,-0.15479476740375842,0.09197569303579517
Random Forest,AUPRC value,S3 - S5,-0.026939229006412907,-0.174739914987681,0.10917561154510289
Random Forest,AUPRC value,S4 - S1,0.0637884815587328,-0.13257959015884982,0.2796475733495469
Random Forest,AUPRC value,S4 - S2,0.06641719906223216,-0.1368897596702518,0.2909473395018561
Random Forest,AUPRC value,S4 - S3,0.016878781734913945,-0.09197569303579524,0.15479476740375836
Random Forest,AUPRC value,S4 - S4,0.0,0.0,0.0
Random Forest,AUPRC value,S4 - S5,-0.01006044727149896,-0.12416157514709493,0.09172598200948143
Random Forest,AUPRC value,S5 - S1,0.07384892883023177,-0.16583791818938062,0.3436703196065614
Random Forest,AUPRC value,S5 - S2,0.07647764633373114,-0.14410958482253913,0.27326100826391636
Random Forest,AUPRC value,S5 - S3,0.026939229006412907,-0.10917561154510301,0.174739914987681
Random Forest,AUPRC value,S5 - S4,0.01006044727149896,-0.09172598200948143,0.12416157514709492
Random Forest,AUPRC value,S5 - S5,0.0,0.0,0.0
Random Forest,AUROC value,S1 - S1,0.0,0.0,0.0
Random Forest,AUROC value,S1 - S2,0.0024080996884735073,-0.01045171339563868,0.022133956386292855
Random Forest,AUROC value,S1 - S3,-0.00841744548286605,-0.030404984423675986,0.014820872274143266
Random Forest,AUROC value,S1 - S4,-0.01176791277258567,-0.03617601246105916,0.014968847352024925
Random Forest,AUROC value,S1 - S5,-0.015736760124610595,-0.046767912772585726,0.01359034267912767
Random Forest,AUROC value,S2 - S1,-0.0024080996884735073,-0.022133956386292862,0.010451713395638674
Random Forest,AUROC value,S2 - S2,0.0,0.0,0.0
Random Forest,AUROC value,S2 - S3,-0.010825545171339556,-0.042231308411214974,0.011764018691588721
Random Forest,AUROC value,S2 - S4,-0.014176012461059175,-0.04103582554517135,0.01131230529595008
Random Forest,AUROC value,S2 - S5,-0.018144859813084103,-0.042531152647974975,0.0069976635514018585
Random Forest,AUROC value,S3 - S1,0.00841744548286605,-0.014820872274143273,0.030404984423675976
Random Forest,AUROC value,S3 - S2,0.010825545171339556,-0.011764018691588723,0.042231308411214946
Random Forest,AUROC value,S3 - S3,0.0,0.0,0.0
Random Forest,AUROC value,S3 - S4,-0.0033504672897196174,-0.029719626168224246,0.012239096573208718
Random Forest,AUROC value,S3 - S5,-0.007319314641744545,-0.03974299065420552,0.014704049844236787
Random Forest,AUROC value,S4 - S1,0.01176791277258567,-0.01496884735202493,0.03617601246105914
Random Forest,AUROC value,S4 - S2,0.014176012461059175,-0.011312305295950087,0.04103582554517133
Random Forest,AUROC value,S4 - S3,0.0033504672897196174,-0.012239096573208721,0.0297196261682242
Random Forest,AUROC value,S4 - S4,0.0,0.0,0.0
Random Forest,AUROC value,S4 - S5,-0.003968847352024928,-0.03317757009345802,0.0054750778816199585
Random Forest,AUROC value,S5 - S1,0.015736760124610595,-0.013590342679127737,0.04676791277258571
Random Forest,AUROC value,S5 - S2,0.018144859813084103,-0.00699766355140188,0.042531152647974975
Random Forest,AUROC value,S5 - S3,0.007319314641744545,-0.014704049844236807,0.039742990654205515
Random Forest,AUROC value,S5 - S4,0.003968847352024928,-0.005475077881619966,0.03317757009345797
Random Forest,AUROC value,S5 - S5,0.0,0.0,0.0
Random Forest,Accuracy,S1 - S1,0.0,0.0,0.0
Random Forest,Accuracy,S1 - S2,-0.008247734138972807,-0.042296072507552906,0.01812688821752273
Random Forest,Accuracy,S1 - S3,-0.01806646525679758,-0.062009063444108746,0.018277945619335313
Random Forest,Accuracy,S1 - S4,-0.018429003021148038,-0.06042296072507558,0.022734138972809674
Random Forest,Accuracy,S1 - S5,-0.021419939577039276,-0.0650302114803625,0.020015105740181144
Random Forest,Accuracy,S2 - S1,0.008247734138972807,-0.01812688821752273,0.042296072507552906
Random Forest,Accuracy,S2 - S2,0.0,0.0,0.0
Random Forest,Accuracy,S2 - S3,-0.009818731117824778,-0.04229607250755296,0.01812688821752262
Random Forest,Accuracy,S2 - S4,-0.010181268882175232,-0.04086102719033232,0.02114803625377648
Random Forest,Accuracy,S2 - S5,-0.013172205438066466,-0.04388217522658612,0.015105740181268926
Random Forest,Accuracy,S3 - S1,0.01806646525679758,-0.018277945619335365,0.062009063444108725
Random Forest,Accuracy,S3 - S2,0.009818731117824778,-0.01812688821752262,0.04229607250755296
Random Forest,Accuracy,S3 - S3,0.0,0.0,0.0
Random Forest,Accuracy,S3 - S4,-0.00036253776435045236,-0.024169184290030232,0.024169184290030232
Random Forest,Accuracy,S3 - S5,-0.003353474320241685,-0.028776435045317204,0.02114803625377648
Random Forest,Accuracy,S4 - S1,0.018429003021148038,-0.022734138972809702,0.06042296072507558
Random Forest,Accuracy,S4 - S2,0.010181268882175232,-0.02114803625377648,0.04086102719033229
Random Forest,Accuracy,S4 - S3,0.00036253776435045236,-0.024169184290030232,0.024169184290030232
Random Forest,Accuracy,S4 - S4,0.0,0.0,0.0
Random Forest,Accuracy,S4 - S5,-0.002990936555891233,-0.015105740181268867,0.010649546827794558
Random Forest,Accuracy,S5 - S1,0.021419939577039276,-0.02001510574018127,0.06503021148036248
Random Forest,Accuracy,S5 - S2,0.013172205438066466,-0.015105740181268926,0.0438821752265861
Random Forest,Accuracy,S5 - S3,0.003353474320241685,-0.02114803625377648,0.028776435045317177
Random Forest,Accuracy,S5 - S4,0.002990936555891233,-0.010649546827794584,0.015105740181268867
Random Forest,Accuracy,S5 - S5,0.0,0.0,0.0
Random Forest,NPV,S1 - S1,0.0,0.0,0.0
Random Forest,NPV,S1 - S2,0.0007850130669758782,-0.001960274779819157,0.0037692220131079687
Random Forest,NPV,S1 - S3,-2.3726185807582122e-06,-0.00664143240230195,0.0036261665323010484
Random Forest,NPV,S1 - S4,0.00010189616467678797,-0.006523033969288025,0.006461992591323639
Random Forest,NPV,S1 - S5,1.7444088031276507e-05,-0.006577790471034442,0.006331378544964854
Random Forest,NPV,S2 - S1,-0.0007850130669758782,-0.00376922201310797,0.00196027477981913
Random Forest,NPV,S2 - S2,0.0,0.0,0.0
Random Forest,NPV,S2 - S3,-0.0007873856855566363,-0.006597778813296001,0.0032826428254736605
Random Forest,NPV,S2 - S4,-0.0006831169022990902,-0.006585654342461255,0.004976071309808917
Random Forest,NPV,S2 - S5,-0.0007675689789446016,-0.006621660703267302,0.0036532809092148302
Random Forest,NPV,S3 - S1,2.3726185807582122e-06,-0.0036261665323010506,0.006641432402301949
Random Forest,NPV,S3 - S2,0.0007873856855566363,-0.0032826428254736613,0.006597778813296001
Random Forest,NPV,S3 - S3,0.0,0.0,0.0
Random Forest,NPV,S3 - S4,0.00010426878325754618,-0.0034248740557877994,0.0050437979521799955
Random Forest,NPV,S3 - S5,1.9816706612034718e-05,-0.003401936191144117,0.005006649881272769
Random Forest,NPV,S4 - S1,-0.00010189616467678797,-0.00646199259132364,0.006523033969288025
Random Forest,NPV,S4 - S2,0.0006831169022990902,-0.0049760713098089375,0.006585654342461255
Random Forest,NPV,S4 - S3,-0.00010426878325754618,-0.005043797952180018,0.0034248740557877994
Random Forest,NPV,S4 - S4,0.0,0.0,0.0
Random Forest,NPV,S4 - S5,-8.445207664551147e-05,-0.0033861328609430833,0.0033051763533844974
Random Forest,NPV,S5 - S1,-1.7444088031276507e-05,-0.006331378544964855,0.0065777904710344415
Random Forest,NPV,S5 - S2,0.0007675689789446016,-0.0036532809092148315,0.006621660703267301
Random Forest,NPV,S5 - S3,-1.9816706612034718e-05,-0.005006649881272793,0.003401936191144117
Random Forest,NPV,S5 - S4,8.445207664551147e-05,-0.003305176353384498,0.003386132860943083
Random Forest,NPV,S5 - S5,0.0,0.0,0.0
Random Forest,Precision,S1 - S1,0.0,0.0,0.0
Random Forest,Precision,S1 - S2,-0.005640200662057089,-0.043062757050528803,0.045833333333333295
Random Forest,Precision,S1 - S3,-0.022674070374421863,-0.08718552934503353,0.04087499999999991
Random Forest,Precision,S1 - S4,-0.02090892501048725,-0.08768853695324284,0.04242991056071548
Random Forest,Precision,S1 - S5,-0.026351109415815928,-0.09028021750286189,0.04116293074606884
Random Forest,Precision,S2 - S1,0.005640200662057089,-0.04583333333333333,0.04306275705052879
Random Forest,Precision,S2 - S2,0.0,0.0,0.0
Random Forest,Precision,S2 - S3,-0.017033869712364768,-0.08571969696969696,0.033229723707664846
Random Forest,Precision,S2 - S4,-0.015268724348430159,-0.07252819967347747,0.03877393980848149
Random Forest,Precision,S2 - S5,-0.020710908753758837,-0.07649015067619717,0.024509878920968627
Random Forest,Precision,S3 - S1,0.022674070374421863,-0.040874999999999995,0.08718552934503353
Random Forest,Precision,S3 - S2,0.017033869712364768,-0.03322972370766489,0.08571969696969693
Random Forest,Precision,S3 - S3,0.0,0.0,0.0
Random Forest,Precision,S3 - S4,0.0017651453639346104,-0.03493703007518797,0.04872991714813809
Random Forest,Precision,S3 - S5,-0.0036770390413940683,-0.04907282282282283,0.038770325203251986
Random Forest,Precision,S4 - S1,0.02090892501048725,-0.04242991056071551,0.08768853695324277
Random Forest,Precision,S4 - S2,0.015268724348430159,-0.038773939808481525,0.07252819967347744
Random Forest,Precision,S4 - S3,-0.0017651453639346104,-0.048729917148138104,0.034937030075187954
Random Forest,Precision,S4 - S4,0.0,0.0,0.0
Random Forest,Precision,S4 - S5,-0.0054421844053286796,-0.031636904761904776,0.01842404657622045
Random Forest,Precision,S5 - S1,0.026351109415815928,-0.04116293074606892,0.09028021750286183
Random Forest,Precision,S5 - S2,0.020710908753758837,-0.02450987892096863,0.07649015067619712
Random Forest,Precision,S5 - S3,0.0036770390413940683,-0.038770325203252035,0.04907282282282281
Random Forest,Precision,S5 - S4,0.0054421844053286796,-0.018424046576220484,0.03163690476190474
Random Forest,Precision,S5 - S5,0.0,0.0,0.0
Random Forest,Sensitivity,S1 - S1,0.0,0.0,0.0
Random Forest,Sensitivity,S1 - S2,0.024000000000000004,-0.05249999999999998,0.10000000000000009
Random Forest,Sensitivity,S1 - S3,0.0030000000000000005,-0.2,0.10000000000000009
Random Forest,Sensitivity,S1 - S4,0.006000000000000001,-0.2,0.20000000000000007
Random Forest,Sensitivity,S1 - S5,0.004000000000000001,-0.2,0.20000000000000007
Random Forest,Sensitivity,S2 - S1,-0.024000000000000004,-0.10000000000000009,0.05249999999999914
Random Forest,Sensitivity,S2 - S2,0.0,0.0,0.0
Random Forest,Sensitivity,S2 - S3,-0.021000000000000005,-0.20000000000000007,0.09999999999999998
Random Forest,Sensitivity,S2 - S4,-0.018000000000000006,-0.20000000000000007,0.15249999999999916
Random Forest,Sensitivity,S2 - S5,-0.02,-0.20000000000000007,0.10000000000000009
Random Forest,Sensitivity,S3 - S1,-0.0030000000000000005,-0.10000000000000009,0.2
Random Forest,Sensitivity,S3 - S2,0.021000000000000005,-0.09999999999999998,0.20000000000000007
Random Forest,Sensitivity,S3 - S3,0.0,0.0,0.0
Random Forest,Sensitivity,S3 - S4,0.0030000000000000005,-0.10000000000000009,0.15249999999999916
Random Forest,Sensitivity,S3 - S5,0.0010000000000000009,-0.10000000000000009,0.15249999999999916
Random Forest,Sensitivity,S4 - S1,-0.006000000000000001,-0.20000000000000007,0.2
Random Forest,Sensitivity,S4 - S2,0.018000000000000006,-0.15250000000000002,0.20000000000000007
Random Forest,Sensitivity,S4 - S3,-0.0030000000000000005,-0.15250000000000002,0.10000000000000009
Random Forest,Sensitivity,S4 - S4,0.0,0.0,0.0
Random Forest,Sensitivity,S4 - S5,-0.0019999999999999996,-0.09999999999999998,0.09999999999999998
Random Forest,Sensitivity,S5 - S1,-0.004000000000000001,-0.20000000000000007,0.2
Random Forest,Sensitivity,S5 - S2,0.02,-0.10000000000000009,0.20000000000000007
Random Forest,Sensitivity,S5 - S3,-0.0010000000000000009,-0.15250000000000002,0.10000000000000009
Random Forest,Sensitivity,S5 - S4,0.0019999999999999996,-0.09999999999999998,0.09999999999999998
Random Forest,Sensitivity,S5 - S5,0.0,0.0,0.0
Random Forest,Specificity,S1 - S1,0.0,0.0,0.0
Random Forest,Specificity,S1 - S2,-0.009252336448598132,-0.04524922118380063,0.01869158878504673
Random Forest,Specificity,S1 - S3,-0.018722741433021814,-0.06542056074766356,0.01884735202492207
Random Forest,Specificity,S1 - S4,-0.01919003115264798,-0.06230529595015577,0.023442367601246083
Random Forest,Specificity,S1 - S5,-0.02221183800623053,-0.06853582554517135,0.022274143302180527
Random Forest,Specificity,S2 - S1,0.009252336448598132,-0.01869158878504673,0.0452492211838006
Random Forest,Specificity,S2 - S2,0.0,0.0,0.0
Random Forest,Specificity,S2 - S3,-0.009470404984423676,-0.04361370716510904,0.01869158878504673
Random Forest,Specificity,S2 - S4,-0.009937694704049845,-0.04049844236760125,0.023442367601246083
Random Forest,Specificity,S2 - S5,-0.0129595015576324,-0.04524922118380063,0.014096573208722717
Random Forest,Specificity,S3 - S1,0.018722741433021814,-0.01884735202492212,0.06542056074766356
Random Forest,Specificity,S3 - S2,0.009470404984423676,-0.01869158878504673,0.04361370716510904
Random Forest,Specificity,S3 - S3,0.0,0.0,0.0
Random Forest,Specificity,S3 - S4,-0.0004672897196261683,-0.024922118380062308,0.024922118380062308
Random Forest,Specificity,S3 - S5,-0.0034890965732087232,-0.029672897196261684,0.02180685358255452
Random Forest,Specificity,S4 - S1,0.01919003115264798,-0.023442367601246107,0.06230529595015577
Random Forest,Specificity,S4 - S2,0.009937694704049845,-0.023442367601246107,0.04049844236760125
Random Forest,Specificity,S4 - S3,0.0004672897196261683,-0.024922118380062308,0.024922118380062308
Random Forest,Specificity,S4 - S4,0.0,0.0,0.0
Random Forest,Specificity,S4 - S5,-0.003021806853582555,-0.015576323987538943,0.010981308411214929
Random Forest,Specificity,S5 - S1,0.02221183800623053,-0.022274143302180686,0.06853582554517135
Random Forest,Specificity,S5 - S2,0.0129595015576324,-0.014096573208722743,0.0452492211838006
Random Forest,Specificity,S5 - S3,0.0034890965732087232,-0.02180685358255452,0.02967289719626166
Random Forest,Specificity,S5 - S4,0.003021806853582555,-0.010981308411214955,0.015576323987538943
Random Forest,Specificity,S5 - S5,0.0,0.0,0.0
Ridge regression,AUPRC value,S1 - S1,0.0,0.0,0.0
Ridge regression,AUPRC value,S1 - S2,-0.006836870317233273,-0.17652207570256073,0.12173678337559506
Ridge regression,AUPRC value,S1 - S3,-0.04644408130111421,-0.24600067302172712,0.10914369960040897
Ridge regression,AUPRC value,S1 - S4,-0.0488581448467743,-0.24077608124921027,0.11970639767521665
Ridge regression,AUPRC value,S1 - S5,-0.062201664312841076,-0.28214088426018197,0.13659925964151753
Ridge regression,AUPRC value,S2 - S1,0.006836870317233273,-0.12173678337559511,0.1765220757025607
Ridge regression,AUPRC value,S2 - S2,0.0,0.0,0.0
Ridge regression,AUPRC value,S2 - S3,-0.03960721098388094,-0.24195948436750672,0.126342297357775
Ridge regression,AUPRC value,S2 - S4,-0.04202127452954103,-0.2541552168694484,0.15086465799035187
Ridge regression,AUPRC value,S2 - S5,-0.05536479399560781,-0.31252166973465895,0.1538624202679989
Ridge regression,AUPRC value,S3 - S1,0.04644408130111421,-0.10914369960040904,0.2460006730217264
Ridge regression,AUPRC value,S3 - S2,0.03960721098388094,-0.12634229735777508,0.2419594843675065
Ridge regression,AUPRC value,S3 - S3,0.0,0.0,0.0
Ridge regression,AUPRC value,S3 - S4,-0.002414063545660097,-0.10809874335965644,0.14764324321950537
Ridge regression,AUPRC value,S3 - S5,-0.015757583011726865,-0.1385682487760073,0.12650035796094683
Ridge regression,AUPRC value,S4 - S1,0.0488581448467743,-0.11970639767521699,0.24077608124921002
Ridge regression,AUPRC value,S4 - S2,0.04202127452954103,-0.15086465799035212,0.2541552168694481
Ridge regression,AUPRC value,S4 - S3,0.002414063545660097,-0.14764324321950545,0.1080987433596563
Ridge regression,AUPRC value,S4 - S4,0.0,0.0,0.0
Ridge regression,AUPRC value,S4 - S5,-0.013343519466066768,-0.11824421127177531,0.04955605650534816
Ridge regression,AUPRC value,S5 - S1,0.062201664312841076,-0.1365992596415177,0.2821408842601819
Ridge regression,AUPRC value,S5 - S2,0.05536479399560781,-0.15386242026799912,0.3125216697346587
Ridge regression,AUPRC value,S5 - S3,0.015757583011726865,-0.12650035796094694,0.13856824877600718
Ridge regression,AUPRC value,S5 - S4,0.013343519466066768,-0.04955605650534822,0.11824421127177531
Ridge regression,AUPRC value,S5 - S5,0.0,0.0,0.0
Ridge regression,AUROC value,S1 - S1,0.0,0.0,0.0
Ridge regression,AUROC value,S1 - S2,0.0009828660436137237,-0.007278037383177546,0.013025700934579458
Ridge regression,AUROC value,S1 - S3,-0.0073785046728971895,-0.04280763239875385,0.0431035825545171
Ridge regression,AUROC value,S1 - S4,-0.009244548286604344,-0.0546183800623053,0.07528426791277246
Ridge regression,AUROC value,S1 - S5,-0.011054517133956377,-0.06056853582554515,0.07573208722741426
Ridge regression,AUROC value,S2 - S1,-0.0009828660436137237,-0.013025700934579465,0.007278037383177534
Ridge regression,AUROC value,S2 - S2,0.0,0.0,0.0
Ridge regression,AUROC value,S2 - S3,-0.008361370716510913,-0.04821651090342681,0.03665887850467286
Ridge regression,AUROC value,S2 - S4,-0.010227414330218067,-0.05679127725856703,0.06852024922118363
Ridge regression,AUROC value,S2 - S5,-0.0120373831775701,-0.06533489096573206,0.06855919003115254
Ridge regression,AUROC value,S3 - S1,0.0073785046728971895,-0.043103582554517114,0.042807632398753834
Ridge regression,AUROC value,S3 - S2,0.008361370716510913,-0.03665887850467288,0.04821651090342678
Ridge regression,AUROC value,S3 - S3,0.0,0.0,0.0
Ridge regression,AUROC value,S3 - S4,-0.0018660436137071556,-0.034112149532710266,0.033691588785046675
Ridge regression,AUROC value,S3 - S5,-0.0036760124610591884,-0.04285825545171337,0.04088785046728972
Ridge regression,AUROC value,S4 - S1,0.009244548286604344,-0.07528426791277261,0.054618380062305266
Ridge regression,AUROC value,S4 - S2,0.010227414330218067,-0.06852024922118373,0.056791277258566995
Ridge regression,AUROC value,S4 - S3,0.0018660436137071556,-0.03369158878504669,0.03411214953271021
Ridge regression,AUROC value,S4 - S4,0.0,0.0,0.0
Ridge regression,AUROC value,S4 - S5,-0.0018099688473520326,-0.012951713395638748,0.00921339563862918
Ridge regression,AUROC value,S5 - S1,0.011054517133956377,-0.07573208722741438,0.06056853582554511
Ridge regression,AUROC value,S5 - S2,0.0120373831775701,-0.06855919003115261,0.06533489096573203
Ridge regression,AUROC value,S5 - S3,0.0036760124610591884,-0.04088785046728974,0.042858255451713366
Ridge regression,AUROC value,S5 - S4,0.0018099688473520326,-0.009213395638629187,0.012951713395638739
Ridge regression,AUROC value,S5 - S5,0.0,0.0,0.0
Ridge regression,Accuracy,S1 - S1,0.0,0.0,0.0
Ridge regression,Accuracy,S1 - S2,-0.0002416918429003001,-0.02432024169184292,0.016691842900302113
Ridge regression,Accuracy,S1 - S3,-0.007129909365558909,-0.04388217522658607,0.025755287009063425
Ridge regression,Accuracy,S1 - S4,-0.009758308157099696,-0.0392749244712991,0.025755287009063484
Ridge regression,Accuracy,S1 - S5,-0.012054380664652564,-0.04690332326283988,0.02590634441087606
Ridge regression,Accuracy,S2 - S1,0.0002416918429003001,-0.01669184290030214,0.024320241691842867
Ridge regression,Accuracy,S2 - S2,0.0,0.0,0.0
Ridge regression,Accuracy,S2 - S3,-0.0068882175226586085,-0.04229607250755285,0.019712990936555812
Ridge regression,Accuracy,S2 - S4,-0.009516616314199396,-0.037839879154078514,0.01812688821752262
Ridge regression,Accuracy,S2 - S5,-0.011812688821752263,-0.04388217522658607,0.01812688821752262
Ridge regression,Accuracy,S3 - S1,0.007129909365558909,-0.025755287009063453,0.043882175226586044
Ridge regression,Accuracy,S3 - S2,0.0068882175226586085,-0.01971299093655584,0.04229607250755285
Ridge regression,Accuracy,S3 - S3,0.0,0.0,0.0
Ridge regression,Accuracy,S3 - S4,-0.002628398791540788,-0.01812688821752262,0.01367069486404831
Ridge regression,Accuracy,S3 - S5,-0.004924471299093655,-0.024169184290030232,0.012084592145015116
Ridge regression,Accuracy,S4 - S1,0.009758308157099696,-0.02575528700906351,0.0392749244712991
Ridge regression,Accuracy,S4 - S2,0.009516616314199396,-0.01812688821752262,0.03783987915407849
Ridge regression,Accuracy,S4 - S3,0.002628398791540788,-0.013670694864048335,0.01812688821752262
Ridge regression,Accuracy,S4 - S4,0.0,0.0,0.0
Ridge regression,Accuracy,S4 - S5,-0.0022960725075528666,-0.012084592145015116,0.009063444108761365
Ridge regression,Accuracy,S5 - S1,0.012054380664652564,-0.025906344410876136,0.04690332326283986
Ridge regression,Accuracy,S5 - S2,0.011812688821752263,-0.01812688821752262,0.043882175226586044
Ridge regression,Accuracy,S5 - S3,0.004924471299093655,-0.012084592145015116,0.024169184290030232
Ridge regression,Accuracy,S5 - S4,0.0022960725075528666,-0.009063444108761365,0.012084592145015116
Ridge regression,Accuracy,S5 - S5,0.0,0.0,0.0
Ridge regression,NPV,S1 - S1,0.0,0.0,0.0
Ridge regression,NPV,S1 - S2,0.00019536190390583518,-0.003364124871731394,0.0034568963531758138
Ridge regression,NPV,S1 - S3,0.00030995327132024797,-0.0040462499951370665,0.006859135828620314
Ridge regression,NPV,S1 - S4,0.0001574411792868824,-0.006850568241793023,0.005285968534077543
Ridge regression,NPV,S1 - S5,3.7052627676092963e-06,-0.006850568241793023,0.005244919995981612
Ridge regression,NPV,S2 - S1,-0.00019536190390583518,-0.0034568963531758146,0.003364124871731394
Ridge regression,NPV,S2 - S2,0.0,0.0,0.0
Ridge regression,NPV,S2 - S3,0.00011459136741441278,-0.005582114793468207,0.006997693795566096
Ridge regression,NPV,S2 - S4,-3.7920724618952795e-05,-0.0068502721901289145,0.006960072595281324
Ridge regression,NPV,S2 - S5,-0.00019165664113822588,-0.006850568241793023,0.006714170169042098
Ridge regression,NPV,S3 - S1,-0.00030995327132024797,-0.006859135828620316,0.004046249995137065
Ridge regression,NPV,S3 - S2,-0.00011459136741441278,-0.006997693795566096,0.0055821147934681835
Ridge regression,NPV,S3 - S3,0.0,0.0,0.0
Ridge regression,NPV,S3 - S4,-0.00015251209203336557,-0.005340267580091804,0.006713586209319983
Ridge regression,NPV,S3 - S5,-0.0003062480085526387,-0.007037003606933659,0.006925282215917648
Ridge regression,NPV,S4 - S1,-0.0001574411792868824,-0.005285968534077567,0.006850568241793023
Ridge regression,NPV,S4 - S2,3.7920724618952795e-05,-0.0069600725952813245,0.006850272190128914
Ridge regression,NPV,S4 - S3,0.00015251209203336557,-0.0067135862093199855,0.005340267580091776
Ridge regression,NPV,S4 - S4,0.0,0.0,0.0
Ridge regression,NPV,S4 - S5,-0.0001537359165192731,-0.003546504551378113,0.00342533191642964
Ridge regression,NPV,S5 - S1,-3.7052627676092963e-06,-0.005244919995981636,0.006850568241793023
Ridge regression,NPV,S5 - S2,0.00019165664113822588,-0.0067141701690421,0.006850568241793023
Ridge regression,NPV,S5 - S3,0.0003062480085526387,-0.00692528221591765,0.007037003606933659
Ridge regression,NPV,S5 - S4,0.0001537359165192731,-0.0034253319164296416,0.0035465045513781127
Ridge regression,NPV,S5 - S5,0.0,0.0,0.0
Ridge regression,Precision,S1 - S1,0.0,0.0,0.0
Ridge regression,Precision,S1 - S2,0.0013086015014863112,-0.02217700308795408,0.028899886877827987
Ridge regression,Precision,S1 - S3,-0.006389332499588968,-0.06743689444161143,0.044249011857707396
Ridge regression,Precision,S1 - S4,-0.010488834202878472,-0.05397405660377359,0.04174621212121212
Ridge regression,Precision,S1 - S5,-0.014136343708744536,-0.0589473164399797,0.04170223577235773
Ridge regression,Precision,S2 - S1,-0.0013086015014863112,-0.02889988687782805,0.02217700308795407
Ridge regression,Precision,S2 - S2,0.0,0.0,0.0
Ridge regression,Precision,S2 - S3,-0.00769793400107528,-0.07197768523240224,0.030092788971367926
Ridge regression,Precision,S2 - S4,-0.01179743570436478,-0.06160633484162896,0.03276422159400883
Ridge regression,Precision,S2 - S5,-0.01544494521023085,-0.06542817392208873,0.03088312777743111
Ridge regression,Precision,S3 - S1,0.006389332499588968,-0.04424901185770752,0.06743689444161133
Ridge regression,Precision,S3 - S2,0.00769793400107528,-0.030092788971367985,0.07197768523240221
Ridge regression,Precision,S3 - S3,0.0,0.0,0.0
Ridge regression,Precision,S3 - S4,-0.004099501703289502,-0.03609268707482993,0.0302109496626881
Ridge regression,Precision,S3 - S5,-0.0077470112091555686,-0.04772912598074488,0.033142415923129685
Ridge regression,Precision,S4 - S1,0.010488834202878472,-0.04174621212121213,0.05397405660377357
Ridge regression,Precision,S4 - S2,0.01179743570436478,-0.03276422159400884,0.061606334841628835
Ridge regression,Precision,S4 - S3,0.004099501703289502,-0.030210949662688117,0.036092687074829835
Ridge regression,Precision,S4 - S4,0.0,0.0,0.0
Ridge regression,Precision,S4 - S5,-0.003647509505866068,-0.02562337421033074,0.013329880484379268
Ridge regression,Precision,S5 - S1,0.014136343708744536,-0.04170223577235773,0.05894731643997967
Ridge regression,Precision,S5 - S2,0.01544494521023085,-0.030883127777431144,0.06542817392208868
Ridge regression,Precision,S5 - S3,0.0077470112091555686,-0.03314241592312972,0.04772912598074484
Ridge regression,Precision,S5 - S4,0.003647509505866068,-0.013329880484379268,0.02562337421033074
Ridge regression,Precision,S5 - S5,0.0,0.0,0.0
Ridge regression,Sensitivity,S1 - S1,0.0,0.0,0.0
Ridge regression,Sensitivity,S1 - S2,0.006,-0.09999999999999998,0.10000000000000003
Ridge regression,Sensitivity,S1 - S3,0.009999999999999997,-0.10000000000000009,0.20000000000000007
Ridge regression,Sensitivity,S1 - S4,0.0059999999999999975,-0.20000000000000007,0.15249999999999922
Ridge regression,Sensitivity,S1 - S5,0.0019999999999999953,-0.20000000000000007,0.15249999999999916
Ridge regression,Sensitivity,S2 - S1,-0.006,-0.10000000000000003,0.09999999999999998
Ridge regression,Sensitivity,S2 - S2,0.0,0.0,0.0
Ridge regression,Sensitivity,S2 - S3,0.004,-0.15250000000000008,0.20000000000000007
Ridge regression,Sensitivity,S2 - S4,-2.220446049250313e-18,-0.20000000000000007,0.2
Ridge regression,Sensitivity,S2 - S5,-0.004000000000000004,-0.20000000000000007,0.19999999999999996
Ridge regression,Sensitivity,S3 - S1,-0.009999999999999997,-0.20000000000000007,0.10000000000000009
Ridge regression,Sensitivity,S3 - S2,-0.004,-0.20000000000000007,0.15249999999999922
Ridge regression,Sensitivity,S3 - S3,0.0,0.0,0.0
Ridge regression,Sensitivity,S3 - S4,-0.004000000000000003,-0.15250000000000002,0.2
Ridge regression,Sensitivity,S3 - S5,-0.008000000000000004,-0.20000000000000007,0.2
Ridge regression,Sensitivity,S4 - S1,-0.0059999999999999975,-0.15250000000000008,0.20000000000000007
Ridge regression,Sensitivity,S4 - S2,2.220446049250313e-18,-0.2,0.20000000000000007
Ridge regression,Sensitivity,S4 - S3,0.004000000000000003,-0.2,0.15249999999999916
Ridge regression,Sensitivity,S4 - S4,0.0,0.0,0.0
Ridge regression,Sensitivity,S4 - S5,-0.004000000000000003,-0.10000000000000003,0.09999999999999998
Ridge regression,Sensitivity,S5 - S1,-0.0019999999999999953,-0.15250000000000002,0.20000000000000007
Ridge regression,Sensitivity,S5 - S2,0.004000000000000004,-0.19999999999999996,0.20000000000000007
Ridge regression,Sensitivity,S5 - S3,0.008000000000000004,-0.2,0.20000000000000007
Ridge regression,Sensitivity,S5 - S4,0.004000000000000003,-0.09999999999999998,0.10000000000000003
Ridge regression,Sensitivity,S5 - S5,0.0,0.0,0.0
Ridge regression,Specificity,S1 - S1,0.0,0.0,0.0
Ridge regression,Specificity,S1 - S2,-0.0004361370716510904,-0.025077881619937698,0.017211838006230506
Ridge regression,Specificity,S1 - S3,-0.00766355140186916,-0.04524922118380063,0.028037383177570097
Ridge regression,Specificity,S1 - S4,-0.010249221183800623,-0.04213395638629284,0.028037383177570097
Ridge regression,Specificity,S1 - S5,-0.01249221183800623,-0.049844236760124616,0.02967289719626166
Ridge regression,Specificity,S2 - S1,0.0004361370716510904,-0.01721183800623053,0.025077881619937646
Ridge regression,Specificity,S2 - S2,0.0,0.0,0.0
Ridge regression,Specificity,S2 - S3,-0.00722741433021807,-0.04361370716510904,0.01869158878504673
Ridge regression,Specificity,S2 - S4,-0.009813084112149534,-0.04049844236760125,0.020327102803738294
Ridge regression,Specificity,S2 - S5,-0.012056074766355142,-0.04524922118380063,0.020327102803738294
Ridge regression,Specificity,S3 - S1,0.00766355140186916,-0.028037383177570097,0.0452492211838006
Ridge regression,Specificity,S3 - S2,0.00722741433021807,-0.01869158878504673,0.04361370716510904
Ridge regression,Specificity,S3 - S3,0.0,0.0,0.0
Ridge regression,Specificity,S3 - S4,-0.0025856697819314645,-0.01869158878504673,0.014096573208722717
Ridge regression,Specificity,S3 - S5,-0.004828660436137072,-0.024922118380062308,0.012461059190031154
Ridge regression,Specificity,S4 - S1,0.010249221183800623,-0.028037383177570097,0.04213395638629281
Ridge regression,Specificity,S4 - S2,0.009813084112149534,-0.02032710280373832,0.04049844236760125
Ridge regression,Specificity,S4 - S3,0.0025856697819314645,-0.014096573208722743,0.01869158878504673
Ridge regression,Specificity,S4 - S4,0.0,0.0,0.0
Ridge regression,Specificity,S4 - S5,-0.002242990654205608,-0.012461059190031154,0.009345794392523366
Ridge regression,Specificity,S5 - S1,0.01249221183800623,-0.029672897196261684,0.049844236760124616
Ridge regression,Specificity,S5 - S2,0.012056074766355142,-0.02032710280373832,0.0452492211838006
Ridge regression,Specificity,S5 - S3,0.004828660436137072,-0.012461059190031154,0.024922118380062308
Ridge regression,Specificity,S5 - S4,0.002242990654205608,-0.009345794392523366,0.012461059190031154
Ridge regression,Specificity,S5 - S5,0.0,0.0,0.0
XGBoost,AUPRC value,S1 - S1,0.0,0.0,0.0
XGBoost,AUPRC value,S1 - S2,0.007992875937505313,-0.09709399827526623,0.11841305275597631
XGBoost,AUPRC value,S1 - S3,-0.030590767153237296,-0.1631428707657328,0.0982229595993305
XGBoost,AUPRC value,S1 - S4,-0.02912699797187809,-0.19098563081402578,0.15750114405139667
XGBoost,AUPRC value,S1 - S5,-0.04226971402361149,-0.1826929980510689,0.14081560213684013
XGBoost,AUPRC value,S2 - S1,-0.007992875937505313,-0.11841305275597638,0.0970939982752662
XGBoost,AUPRC value,S2 - S2,0.0,0.0,0.0
XGBoost,AUPRC value,S2 - S3,-0.03858364309074262,-0.17020466260988815,0.10622979944375324
XGBoost,AUPRC value,S2 - S4,-0.037119873909383407,-0.20126013671412954,0.1565537122189323
XGBoost,AUPRC value,S2 - S5,-0.05026258996111681,-0.1914019732820121,0.12613687507526145
XGBoost,AUPRC value,S3 - S1,0.030590767153237296,-0.09822295959933061,0.16314287076573267
XGBoost,AUPRC value,S3 - S2,0.03858364309074262,-0.10622979944375355,0.17020466260988804
XGBoost,AUPRC value,S3 - S3,0.0,0.0,0.0
XGBoost,AUPRC value,S3 - S4,0.0014637691813592169,-0.09463982819887544,0.11223931717936785
XGBoost,AUPRC value,S3 - S5,-0.011678946870374176,-0.12490958864789178,0.10076126902068092
XGBoost,AUPRC value,S4 - S1,0.02912699797187809,-0.15750114405139698,0.1909856308140255
XGBoost,AUPRC value,S4 - S2,0.037119873909383407,-0.1565537122189325,0.20126013671412948
XGBoost,AUPRC value,S4 - S3,-0.0014637691813592169,-0.11223931717936791,0.09463982819887527
XGBoost,AUPRC value,S4 - S4,0.0,0.0,0.0
XGBoost,AUPRC value,S4 - S5,-0.013142716051733389,-0.10746254155025489,0.05855635714590783
XGBoost,AUPRC value,S5 - S1,0.04226971402361149,-0.14081560213684016,0.18269299805106884
XGBoost,AUPRC value,S5 - S2,0.05026258996111681,-0.12613687507526147,0.1914019732820121
XGBoost,AUPRC value,S5 - S3,0.011678946870374176,-0.10076126902068117,0.12490958864789158
XGBoost,AUPRC value,S5 - S4,0.013142716051733389,-0.05855635714590783,0.10746254155025488
XGBoost,AUPRC value,S5 - S5,0.0,0.0,0.0
XGBoost,AUROC value,S1 - S1,0.0,0.0,0.0
XGBoost,AUROC value,S1 - S2,0.0034766355140186944,-0.030880062305295986,0.054003115264797355
XGBoost,AUROC value,S1 - S3,-0.013196261682242997,-0.0703777258566978,0.026292834890965726
XGBoost,AUROC value,S1 - S4,-0.01691121495327103,-0.07905373831775697,0.03239485981308404
XGBoost,AUROC value,S1 - S5,-0.02135669781931463,-0.08028816199376945,0.04107087227414327
XGBoost,AUROC value,S2 - S1,-0.0034766355140186944,-0.054003115264797494,0.030880062305295972
XGBoost,AUROC value,S2 - S2,0.0,0.0,0.0
XGBoost,AUROC value,S2 - S3,-0.01667289719626169,-0.07673676012461053,0.029439252336448566
XGBoost,AUROC value,S2 - S4,-0.02038785046728972,-0.10248052959501555,0.03435747663551398
XGBoost,AUROC value,S2 - S5,-0.02483333333333334,-0.09614875389408103,0.03045560747663545
XGBoost,AUROC value,S3 - S1,0.013196261682242997,-0.026292834890965767,0.07037772585669769
XGBoost,AUROC value,S3 - S2,0.01667289719626169,-0.029439252336448566,0.07673676012461045
XGBoost,AUROC value,S3 - S3,0.0,0.0,0.0
XGBoost,AUROC value,S3 - S4,-0.003714953271028032,-0.04603193146417446,0.023415109034267908
XGBoost,AUROC value,S3 - S5,-0.008160436137071642,-0.05361370716510903,0.028485202492211915
XGBoost,AUROC value,S4 - S1,0.01691121495327103,-0.03239485981308407,0.07905373831775697
XGBoost,AUROC value,S4 - S2,0.02038785046728972,-0.03435747663551399,0.10248052959501533
XGBoost,AUROC value,S4 - S3,0.003714953271028032,-0.02341510903426795,0.04603193146417441
XGBoost,AUROC value,S4 - S4,0.0,0.0,0.0
XGBoost,AUROC value,S4 - S5,-0.00444548286604361,-0.030669781931464246,0.017169003115264633
XGBoost,AUROC value,S5 - S1,0.02135669781931463,-0.04107087227414328,0.08028816199376942
XGBoost,AUROC value,S5 - S2,0.02483333333333334,-0.03045560747663545,0.09614875389408083
XGBoost,AUROC value,S5 - S3,0.008160436137071642,-0.028485202492211936,0.05361370716510902
XGBoost,AUROC value,S5 - S4,0.00444548286604361,-0.01716900311526467,0.030669781931464198
XGBoost,AUROC value,S5 - S5,0.0,0.0,0.0
XGBoost,Accuracy,S1 - S1,0.0,0.0,0.0
XGBoost,Accuracy,S1 - S2,-0.012024169184290022,-0.05294561933534744,0.03783987915407849
XGBoost,Accuracy,S1 - S3,-0.02211480362537764,-0.09237160120845922,0.03036253776435037
XGBoost,Accuracy,S1 - S4,0.0015709969788519685,-0.0638972809667674,0.05898791540785491
XGBoost,Accuracy,S1 - S5,-0.010664652567975828,-0.06503021148036255,0.04705438066465249
XGBoost,Accuracy,S2 - S1,0.012024169184290022,-0.037839879154078514,0.05294561933534741
XGBoost,Accuracy,S2 - S2,0.0,0.0,0.0
XGBoost,Accuracy,S2 - S3,-0.01009063444108762,-0.0620090634441088,0.03481873111782474
XGBoost,Accuracy,S2 - S4,0.01359516616314199,-0.03942598187311179,0.06344410876132933
XGBoost,Accuracy,S2 - S5,0.001359516616314197,-0.04229607250755285,0.039425981873111735
XGBoost,Accuracy,S3 - S1,0.02211480362537764,-0.03036253776435042,0.09237160120845915
XGBoost,Accuracy,S3 - S2,0.01009063444108762,-0.03481873111782476,0.062009063444108774
XGBoost,Accuracy,S3 - S3,0.0,0.0,0.0
XGBoost,Accuracy,S3 - S4,0.023685800604229614,-0.012084592145015116,0.07409365558912383
XGBoost,Accuracy,S3 - S5,0.011450151057401815,-0.028776435045317204,0.05898791540785502
XGBoost,Accuracy,S4 - S1,-0.0015709969788519685,-0.05898791540785494,0.06389728096676725
XGBoost,Accuracy,S4 - S2,-0.01359516616314199,-0.06344410876132933,0.039425981873111735
XGBoost,Accuracy,S4 - S3,-0.023685800604229614,-0.07409365558912386,0.012084592145015116
XGBoost,Accuracy,S4 - S4,0.0,0.0,0.0
XGBoost,Accuracy,S4 - S5,-0.012235649546827796,-0.0332326283987916,0.012084592145015116
XGBoost,Accuracy,S5 - S1,0.010664652567975828,-0.04705438066465257,0.06503021148036253
XGBoost,Accuracy,S5 - S2,-0.001359516616314197,-0.03942598187311179,0.04229607250755285
XGBoost,Accuracy,S5 - S3,-0.011450151057401815,-0.05898791540785505,0.028776435045317177
XGBoost,Accuracy,S5 - S4,0.012235649546827796,-0.012084592145015116,0.0332326283987916
XGBoost,Accuracy,S5 - S5,0.0,0.0,0.0
XGBoost,NPV,S1 - S1,0.0,0.0,0.0
XGBoost,NPV,S1 - S2,0.0012683433273250222,-0.0035210045021965204,0.006877845530116597
XGBoost,NPV,S1 - S3,0.000885979407434031,-0.0069343986543314055,0.006976071161573682
XGBoost,NPV,S1 - S4,0.0002119942085156634,-0.006944910057783615,0.010168009514837997
XGBoost,NPV,S1 - S5,0.000150848320237279,-0.007022561007061256,0.008887835271328262
XGBoost,NPV,S2 - S1,-0.0012683433273250222,-0.006877845530116597,0.0035210045021965204
XGBoost,NPV,S2 - S2,0.0,0.0,0.0
XGBoost,NPV,S2 - S3,-0.00038236391989099116,-0.006968003933803593,0.006756541239313404
XGBoost,NPV,S2 - S4,-0.0010563491188093589,-0.008617280959678435,0.007083038573016382
XGBoost,NPV,S2 - S5,-0.0011174950070877432,-0.007028222321381908,0.006870974145907387
XGBoost,NPV,S3 - S1,-0.000885979407434031,-0.006976071161573683,0.006934398654331405
XGBoost,NPV,S3 - S2,0.00038236391989099116,-0.006756541239313405,0.006968003933803591
XGBoost,NPV,S3 - S3,0.0,0.0,0.0
XGBoost,NPV,S3 - S4,-0.0006739851989183677,-0.004941387002544272,0.003809727770233187
XGBoost,NPV,S3 - S5,-0.000735131087196752,-0.006573632726983242,0.0038272462579569426
XGBoost,NPV,S4 - S1,-0.0002119942085156634,-0.010168009514838,0.006944910057783614
XGBoost,NPV,S4 - S2,0.0010563491188093589,-0.007083038573016382,0.008617280959678416
XGBoost,NPV,S4 - S3,0.0006739851989183677,-0.0038097277702331873,0.0049413870025442515
XGBoost,NPV,S4 - S4,0.0,0.0,0.0
XGBoost,NPV,S4 - S5,-6.114588827838441e-05,-0.003559994387683507,0.005049086576208216
XGBoost,NPV,S5 - S1,-0.000150848320237279,-0.008887835271328286,0.007022561007061256
XGBoost,NPV,S5 - S2,0.0011174950070877432,-0.006870974145907388,0.007028222321381907
XGBoost,NPV,S5 - S3,0.000735131087196752,-0.0038272462579569426,0.006573632726983241
XGBoost,NPV,S5 - S4,6.114588827838441e-05,-0.005049086576208239,0.0035599943876835067
XGBoost,NPV,S5 - S5,0.0,0.0,0.0
XGBoost,Precision,S1 - S1,0.0,0.0,0.0
XGBoost,Precision,S1 - S2,-0.009198690269472176,-0.05670010813408626,0.04212604771115405
XGBoost,Precision,S1 - S3,-0.026623999624327738,-0.13274133912064948,0.07098375438137206
XGBoost,Precision,S1 - S4,0.006147228424840793,-0.06718130630630631,0.09052793036159465
XGBoost,Precision,S1 - S5,-0.009879674160639836,-0.07769576379974326,0.08298872522276768
XGBoost,Precision,S2 - S1,0.009198690269472176,-0.04212604771115409,0.056700108134086255
XGBoost,Precision,S2 - S2,0.0,0.0,0.0
XGBoost,Precision,S2 - S3,-0.017425309354855555,-0.10759375000000002,0.08037790697674392
XGBoost,Precision,S2 - S4,0.01534591869431297,-0.054354967948717935,0.100160780621775
XGBoost,Precision,S2 - S5,-0.0006809838911676607,-0.07127794715447154,0.08841503267973838
XGBoost,Precision,S3 - S1,0.026623999624327738,-0.07098375438137207,0.1327413391206494
XGBoost,Precision,S3 - S2,0.017425309354855555,-0.08037790697674418,0.10759374999999992
XGBoost,Precision,S3 - S3,0.0,0.0,0.0
XGBoost,Precision,S3 - S4,0.03277122804916852,-0.02901201838105339,0.12356557497257555
XGBoost,Precision,S3 - S5,0.016744325463687898,-0.05025533676849466,0.10097266737891729
XGBoost,Precision,S4 - S1,-0.006147228424840793,-0.0905279303615947,0.06718130630630624
XGBoost,Precision,S4 - S2,-0.01534591869431297,-0.10016078062177503,0.0543549679487179
XGBoost,Precision,S4 - S3,-0.03277122804916852,-0.12356557497257566,0.02901201838105339
XGBoost,Precision,S4 - S4,0.0,0.0,0.0
XGBoost,Precision,S4 - S5,-0.016026902585480632,-0.05174154334038052,0.024670138888888894
XGBoost,Precision,S5 - S1,0.009879674160639836,-0.08298872522276775,0.07769576379974326
XGBoost,Precision,S5 - S2,0.0006809838911676607,-0.08841503267973855,0.07127794715447143
XGBoost,Precision,S5 - S3,-0.016744325463687898,-0.10097266737891737,0.05025533676849464
XGBoost,Precision,S5 - S4,0.016026902585480632,-0.024670138888888898,0.05174154334038051
XGBoost,Precision,S5 - S5,0.0,0.0,0.0
XGBoost,Sensitivity,S1 - S1,0.0,0.0,0.0
XGBoost,Sensitivity,S1 - S2,0.03900000000000001,-0.10000000000000003,0.20000000000000007
XGBoost,Sensitivity,S1 - S3,0.029000000000000005,-0.2,0.20000000000000007
XGBoost,Sensitivity,S1 - S4,0.004000000000000001,-0.20000000000000007,0.30000000000000004
XGBoost,Sensitivity,S1 - S5,0.0049999999999999975,-0.20000000000000007,0.2524999999999992
XGBoost,Sensitivity,S2 - S1,-0.03900000000000001,-0.20000000000000007,0.10000000000000003
XGBoost,Sensitivity,S2 - S2,0.0,0.0,0.0
XGBoost,Sensitivity,S2 - S3,-0.010000000000000004,-0.20000000000000007,0.19999999999999996
XGBoost,Sensitivity,S2 - S4,-0.03500000000000001,-0.25250000000000006,0.2
XGBoost,Sensitivity,S2 - S5,-0.03400000000000001,-0.20000000000000007,0.2
XGBoost,Sensitivity,S3 - S1,-0.029000000000000005,-0.20000000000000007,0.2
XGBoost,Sensitivity,S3 - S2,0.010000000000000004,-0.19999999999999996,0.20000000000000007
XGBoost,Sensitivity,S3 - S3,0.0,0.0,0.0
XGBoost,Sensitivity,S3 - S4,-0.025000000000000005,-0.15250000000000002,0.10000000000000009
XGBoost,Sensitivity,S3 - S5,-0.024000000000000004,-0.20000000000000007,0.10000000000000009
XGBoost,Sensitivity,S4 - S1,-0.004000000000000001,-0.30000000000000004,0.20000000000000007
XGBoost,Sensitivity,S4 - S2,0.03500000000000001,-0.2,0.2524999999999992
XGBoost,Sensitivity,S4 - S3,0.025000000000000005,-0.10000000000000009,0.15249999999999916
XGBoost,Sensitivity,S4 - S4,0.0,0.0,0.0
XGBoost,Sensitivity,S4 - S5,0.0009999999999999987,-0.10000000000000009,0.15249999999999916
XGBoost,Sensitivity,S5 - S1,-0.0049999999999999975,-0.25250000000000006,0.20000000000000007
XGBoost,Sensitivity,S5 - S2,0.03400000000000001,-0.2,0.20000000000000007
XGBoost,Sensitivity,S5 - S3,0.024000000000000004,-0.10000000000000009,0.20000000000000007
XGBoost,Sensitivity,S5 - S4,-0.0009999999999999987,-0.15250000000000002,0.10000000000000009
XGBoost,Sensitivity,S5 - S5,0.0,0.0,0.0
XGBoost,Specificity,S1 - S1,0.0,0.0,0.0
XGBoost,Specificity,S1 - S2,-0.013613707165109037,-0.05459501557632399,0.03901869158878502
XGBoost,Specificity,S1 - S3,-0.023707165109034273,-0.09836448598130842,0.031152647975077885
XGBoost,Specificity,S1 - S4,0.0014953271028037385,-0.06752336448598131,0.06394080996884734
XGBoost,Specificity,S1 - S5,-0.011152647975077881,-0.07017133956386294,0.04540498442367594
XGBoost,Specificity,S2 - S1,0.013613707165109037,-0.03901869158878505,0.054595015576323964
XGBoost,Specificity,S2 - S2,0.0,0.0,0.0
XGBoost,Specificity,S2 - S3,-0.010093457943925235,-0.06542056074766356,0.03901869158878502
XGBoost,Specificity,S2 - S4,0.015109034267912776,-0.03901869158878505,0.06542056074766356
XGBoost,Specificity,S2 - S5,0.002461059190031153,-0.043769470404984426,0.046884735202492166
XGBoost,Specificity,S3 - S1,0.023707165109034273,-0.031152647975077885,0.09836448598130834
XGBoost,Specificity,S3 - S2,0.010093457943925235,-0.03901869158878505,0.06542056074766356
XGBoost,Specificity,S3 - S3,0.0,0.0,0.0
XGBoost,Specificity,S3 - S4,0.02520249221183801,-0.010981308411214955,0.07492211838006226
XGBoost,Specificity,S3 - S5,0.012554517133956389,-0.029672897196261684,0.06082554517133954
XGBoost,Specificity,S4 - S1,-0.0014953271028037385,-0.06394080996884736,0.06752336448598113
XGBoost,Specificity,S4 - S2,-0.015109034267912776,-0.06542056074766356,0.03901869158878502
XGBoost,Specificity,S4 - S3,-0.02520249221183801,-0.07492211838006231,0.010981308411214929
XGBoost,Specificity,S4 - S4,0.0,0.0,0.0
XGBoost,Specificity,S4 - S5,-0.012647975077881618,-0.034267912772585674,0.014096573208722717
XGBoost,Specificity,S5 - S1,0.011152647975077881,-0.04540498442367602,0.07017133956386291
XGBoost,Specificity,S5 - S2,-0.002461059190031153,-0.046884735202492214,0.04376947040498438
XGBoost,Specificity,S5 - S3,-0.012554517133956389,-0.06082554517133957,0.02967289719626166
XGBoost,Specificity,S5 - S4,0.012647975077881618,-0.014096573208722743,0.034267912772585674
XGBoost,Specificity,S5 - S5,0.0,0.0,0.0
