"0","fig4a_rf_diag <- geom_bar(data=Fig4A_Sen, aes(x=variable, y=pmax(estimate-lb_A,0)), fill=""#348EC2"", position=""dodge"", stat=""identity"", width = 0.6) + 
  geom_errorbar(data=Fig4A_Sen, aes(x=variable, ymin=pmax(lower-lb_A,0), ymax=pmax(upper-lb_A,0)), width = 0.3, position = position_dodge(0.6), linewidth=1.0) +
  
  geom_point(data=Fig4A_Acc, aes(x=variable, y=pmax(estimate-lb_A,0)), color=""#FA766E"", size=7) + 
  geom_line(data=Fig4A_Acc, aes(x=variable, y=pmax(estimate-lb_A,0)), color=""#FA766E"", linewidth=2, linetype=""dashed"") + 
  
  geom_point(data=Fig4A_AUC, aes(x=variable, y=pmax(estimate-lb_A,0)), color=""#FFC001"", size=7) + 
  geom_line(data=Fig4A_AUC, aes(x=variable, y=pmax(estimate-lb_A,0)), color=""#FFC001"", linewidth=2, linetype=""solid"") + 

  scale_x_continuous(breaks=seq(0,100-lb_A,by=1)) +
  scale_y_continuous(
    limits = c(0, 100-lb_A),
    breaks  = seq(0, 100-lb_A, by = 5),
    labels  = function(b) sprintf(""%d"", b + lb_A)) +
  xlab(""Time since diagnosis (days)"") +
  ylab(""Metrics (%)"") +
  theme(plot.title = element_text(colour = ""black"", size=36),
        axis.text.x = element_text(colour = ""black""),
        axis.text.y = element_text(colour = ""black""),
        axis.ticks.x = element_blank(),
        axis.ticks.y = element_line(colour = ""black""),
        axis.line = element_line(colour = ""black""),
        panel.grid.major.x = element_blank(),
        panel.grid.major.y = element_blank(),
        panel.grid.minor = element_blank(),
        panel.background = element_blank(),
        legend.position='none',
        axis.title.x = element_text(colour = ""black""),
        axis.title.y = element_text(colour = ""black""))
"
"1","[1m[33mError[39m in `+.gg`:[22m
[38;5;250m[33m![38;5;250m Cannot add [34m<ggproto>[38;5;250m objects together.
[36mℹ[38;5;250m Did you forget to add this object to a [34m<ggplot>[38;5;250m object?[39m
[90mRun `]8;;x-r-run:rlang::last_trace()rlang::last_trace()]8;;` to see where the error occurred.[39m
"
